$\kappa t$,CNB I,CNB II,I Approx,II Approx
0.0,-0.0,-0.0,0.0,0.0
7.199999999999999e-05,0.3730947342093612,0.4636481369413533,0.0,0.02731156977155992
0.00014399999999999998,0.6008537908096837,0.7330099314188813,0.2792212945127227,0.4916283021875756
0.00021600000000000002,0.7804025943021713,0.9400803180749376,0.5627439621939456,0.7881736526124248
0.00028799999999999995,0.93149104990222,1.1112347330574448,0.7764995780403666,1.011893945329175
0.00036,1.0631307673298558,1.258314308955208,0.9504796444969739,1.1938078248350918
0.00043200000000000004,1.1804184101041908,1.3879138933966446,1.0984266823443178,1.3482447100210466
0.000504,1.2865874896057994,1.5041566812650717,1.2278665961721609,1.4831006230482915
0.0005759999999999999,1.3838453835904858,1.609822443874508,1.3434026740131446,1.603227330009377
0.0006479999999999999,1.4737782822599017,1.7068837861574333,1.448071997766096,1.7118364192564564
0.0007199999999999999,1.5575703860714578,1.7967975461205077,1.5439920985098652,1.811172203060186
0.000792,1.6361323992383012,1.880672933419995,1.6327027708692647,1.9028691626770509
0.0008640000000000001,1.7101815710062875,1.9593755649466449,1.7153614167181728,1.9881570109525142
0.000936,1.7802939433888891,2.0335948223548117,1.7928616005554823,2.067985588330476
0.001008,1.846939800809688,2.1038891860881765,1.865908587361408,2.1431046675377674
0.0010799999999999998,1.910508484903995,2.170717726578414,1.935069423669215,2.2141169903449445
0.0011519999999999998,1.9713262334314896,2.2344625835900693,2.0008072645453923,2.281514691080848
0.0012239999999999998,2.029669297477425,2.295445370166008,2.063505575271856,2.3457050169887625
0.0012959999999999998,2.0857737773263705,2.3539393974949694,2.1234856131599247,2.4070289302614882
0.001368,2.1398431246083787,2.410178937431733,2.1810193239894593,2.4657748442682506
0.00144,2.192053951970375,2.4643663517907815,2.2363390330527015,2.5221889532359034
0.001512,2.2425605922133323,2.516677655053253,2.2896448472990407,2.57648312641843
0.001584,2.2914987196398755,2.567266908413163,2.341110391882885,2.628841028222892
0.001656,2.338988257691231,2.616269729358136,2.3908873141687392,2.6794229243582914
0.0017280000000000002,2.3851357365517085,2.663806123153685,2.43910886178972,2.7283695002573642
0.0017999999999999995,2.4300362219295994,2.7099827883067604,2.4858927554238113,2.775804926920386
0.001872,2.4737749059606533,2.7548950095365123,2.5313435177705745,2.8218393460219375
0.001944,2.5164284293110293,2.7986282241177416,2.5755543784518964,2.866570902234861
0.002016,2.5580659875230918,2.84125932720905,2.6186088447547275,2.910087418559666
0.002088,2.598750262780184,2.882857766872263,2.6605820065305297,2.9524677878626067
0.00216,2.6385382133121973,2.9234864682968498,2.701541627794231,2.9937831364762886
0.002232,2.677481745907922,2.9632026183277738,2.7415490657622086,3.03409780341372
0.002304,2.715628291801361,3.0020583349764283,2.7806600491970337,3.0734701694098336
0.002376,2.753021302219328,3.0401012416355115,2.8189253413125983,3.1119533627875438
0.002448,2.7897006767304493,3.0773749618633763,2.85639130727167,3.149595863482378
0.00252,2.8257031350900554,3.113919547595484,2.893100402382396,3.1864420223052807
0.002592,2.861062541338033,3.149771851284947,2.929091594051859,3.2225325095065855
0.002664,2.8958101873390003,3.1849658505855736,2.964400727945513,3.2579047039824336
0.002736,2.9299750417373818,3.2195329326735567,2.999060847083125,3.2925930322918555
0.002808,2.9635839692931487,3.2535021440978027,3.0331024709975347,3.3266292650637097
0.00288,2.996661924736435,3.2869004110600715,3.0665538407934387,3.3600427770915275
0.002952,3.0292321246382152,3.3197527342551987,3.0994411351232984,3.3928607764106262
0.003024,3.0613162002210714,3.3520823617110573,3.13178866105544,3.4251085066338716
0.0030960000000000002,3.0929343335954957,3.383910942557089,3.1636190232153414,3.4568094262734075
0.003168,3.1241053795472182,3.415258664201508,3.194953274209575,3.4879853681323336
0.00324,3.1548469746879713,3.4461443750218432,3.225811048796611,3.518656681352316
0.003312,3.1851756355164684,3.4765856943704123,3.2562106838902434,3.5488423583002575
0.0033840000000000003,3.215106846690807,3.506599111458671,3.286169325889525,3.5785601484635055
0.0034560000000000003,3.2446551407387685,3.5362000744291056,3.3157030276180075,3.6078266606219005
0.0035280000000000003,3.2738341700896134,3.565403070764296,3.3448268351572965,3.6366574547747255
0.003599999999999999,3.302656772363082,3.594221700037162,3.3735548663415247,3.665067125092368
0.003672,3.3311350296840825,3.6226687398670303,3.401900382150827,3.6930693749971244
0.003744,3.3592803225689387,3.6507562058298415,3.4298758507520626,3.7206770852140174
0.003816,3.3871033790799827,3.67849540597988,3.457493006100922,3.74790237553132
0.003888,3.4146143196970202,3.7058969905542622,3.4847629012773975,3.77475666097105
0.00396,3.4418226983074605,3.732970997369137,3.511695956690215,3.801250702972818
0.004032,3.4687375399163667,3.75972689334893,3.5383020057965378,3.8273946561277556
0.004104,3.4953673749476892,3.7861736125877012,3.564590333949628,3.853198110978007
0.004176,3.5217202710179083,3.8123195912757115,3.5905697165719808,3.878670133131929
0.004248,3.5478038621160732,3.83817279980923,3.6162484537180117,3.9038192991985596
0.004319999999999999,3.573625375298594,3.8637407723502126,3.6416343998448144,3.928653729800594
0.004391999999999999,3.5991916556188817,3.889030634079897,3.6667349942107217,3.9531811199515468
0.004463999999999999,3.6245091890064884,3.91404912636092,3.6915572873800278,3.9774087670478333
0.004535999999999999,3.6495841233546886,3.9388026300008825,3.716107964842469,4.001343596698931
0.004607999999999999,3.6744222882733197,3.9632971867898,3.7403933710267934,4.024992186590799
0.004679999999999999,3.6990292132540814,3.98753851946452,3.764419529990285,4.048360788560646
0.004751999999999999,3.7234101444944354,4.011532050241149,3.7881921641360625,4.071455349043483
0.004823999999999999,3.747570060751416,4.03528291803777,3.8117167136449073,4.094281528031607
0.004895999999999999,3.7715136879026487,4.058795994500218,3.8349983526259797,4.116844716674539
0.004967999999999999,3.795245512538607,4.0820758989321435,3.8580420043818124,4.139150053634162
0.005039999999999999,3.8187697948115313,4.105127012220473,3.8808523571824236,4.161202440298587
0.005111999999999999,3.8420905802322176,4.127953489838931,3.903433877049621,4.18300655494784
0.005183999999999999,3.86521171075481,4.150559273972642,3.925790820185086,4.20456686563065
0.005255999999999999,3.888136835227888,4.1729481049861326,3.947927245343671,4.225887643434811
0.005327999999999999,3.910869419206812,4.195123531971157,3.9698470255312532,4.246972972818749
0.005399999999999999,3.933412753943057,4.217088922853268,3.9915538570055293,4.2678267634437885
0.005472,3.955769965228263,4.238847473709281,4.013051271327282,4.288452759540835
0.005544,3.9779440210517065,4.260402217552326,4.034342640905612,4.308854548969153
0.005616,3.9999377397332436,4.281756032764071,4.055431192256939,4.329035573263688
0.005688,4.021753796353772,4.3029116507504055,4.076320008011196,4.348999134394955
0.00576,4.0433947303419115,4.3238716634240015,4.097012041571215,4.368748403536311
0.005832,4.064862950909856,4.344638530122657,4.117510116697288,4.388286428009707
0.005904,4.0861607439853564,4.365214584072439,4.137816941714305,4.4076161372320355
0.005976,4.1072902769816775,4.385602038976941,4.157935108682476,4.426740352285933
0.006048,4.128253605005912,4.405802994314908,4.17786710587593,4.44566178709505
0.0061200000000000004,4.149052674981508,4.425819441478594,4.197615316235933,4.464383058790831
0.0061920000000000005,4.169689331887583,4.4456532687911565,4.217182032995436,4.482906690702252
0.0062640000000000005,4.190165321576798,4.46530626623382,4.236569452078488,4.5012351156716255
0.006336,4.210482296690291,4.484780130922954,4.255779688017168,4.5193706856759235
0.006408,4.230641820034208,4.504076470696547,4.274814772974545,4.537315669867884
0.00648,4.2506453679487715,4.523196809296349,4.293676657654829,4.555072264873876
0.006552,4.27049433571119,4.542142589873817,4.312367225873629,4.572642594530436
0.006624,4.290190038755046,4.560915179102788,4.330888283679003,4.590028715330782
0.006696,4.309733718535757,4.579515870975847,4.3492415782082565,4.607232620130832
0.006768000000000001,4.3291265438107365,4.597945890172858,4.3674287891342685,4.624256240420481
0.006840000000000001,4.348369614704907,4.616206395654107,4.385451537802649,4.641101450685354
0.006912000000000001,4.3674639657513685,4.634298483719675,4.40331139049183,4.657770070207192
0.006984000000000001,4.386410567784175,4.6522231912474,4.4210098563522715,4.674263866748986
0.007056000000000001,4.4052103322025475,4.6699814986420884,4.438548398240645,4.6905845587220965
0.007128,4.423864111486943,4.687574332650333,4.45592842481794,4.706733817931512
0.007199999999999998,4.442372704097736,4.7050025690435975,4.4731513048498845,4.722713271258384
0.007271999999999998,4.460736855313239,4.7222670353635285,4.490218361768162,4.7385245036503125
0.007343999999999998,4.478957259027442,4.739368513350853,4.507130874080319,4.754169060233391
0.007415999999999998,4.497034562182996,4.7563077411727495,4.523890087028487,4.769648446630657
0.007487999999999998,4.514969364489407,4.77308541619887,4.540497204267861,4.784964133538047
0.007559999999999998,4.532762221635563,4.789702196823246,4.556953394786873,4.800117556636283
0.007631999999999998,4.5504136478525234,4.806158704438044,4.573259796619188,4.815110117075718
0.007703999999999998,4.5679241157416435,4.822455526497162,4.589417511290076,4.829943187813116
0.007775999999999998,4.5852940606722745,4.838593217151483,4.605427614183594,4.8446181091381755
0.007847999999999999,4.602523880954932,4.854572299774285,4.621291150625719,4.859136192577015
0.00792,4.619613939403172,4.870393269733813,4.637009137290938,4.873498726171788
0.007991999999999999,4.636564566387776,4.886056594195375,4.652582567237272,4.887706967571523
0.008064,4.653376059945421,4.9015627154407,4.668012407442272,4.901762151588634
0.008136,4.6700486881133765,4.9169120527943395,4.683299601920988,4.9156654924514065
0.008208,4.686582690649639,4.9321050018513475,4.6984450731995215,4.929418175633839
0.00828,4.7029782790610435,4.94714193784733,4.71344972118704,4.94302136575109
0.008352,4.719235640286824,4.962023219197351,4.728314427527757,4.956476215406644
0.008424,4.735354936791366,4.976749183676211,4.7430400545664275,4.969783846254514
0.008496,4.751336306917913,4.991320153243337,4.757627446028092,4.982945362655269
0.008568000000000001,4.767179868114762,5.005736437001473,4.772077428961587,4.9959618578563605
0.008639999999999998,4.782885717619287,5.0199983289867935,4.786390814138256,5.008834402856298
0.008712000000000001,4.7984539326789095,5.034106109774724,4.800568396989933,5.021564048137703
0.008783999999999998,4.813884572274912,5.048060050262004,4.8146109580782275,5.034151832670975
0.008856000000000001,4.829177679285676,5.061860412459824,4.828519263435282,5.046598783357504
0.008927999999999998,4.844333280388132,5.0755074465165615,4.842294066284467,5.0589059030059715
0.009000000000000001,4.859351386976709,5.089001395776898,4.855936108352224,5.071074182832191
0.009071999999999998,4.874231997478947,5.102342500137725,4.869446116775784,5.083104608863417
0.009144,4.88897509755124,5.115530989374307,4.882824807388179,5.09499814171059
0.009215999999999998,4.903580661364616,5.128567089343786,4.89607288718485,5.106755731078849
0.009288,4.918048651853381,5.1414510257380055,4.909191052114501,5.11837832273471
0.00936,4.932379021999749,5.154183017985868,4.92217998613139,5.129866841730159
0.009432,4.94657171512964,5.166763283329849,4.935040361637079,5.141222200600885
0.009504,4.960626669884173,5.1791920409842005,4.947772849009035,5.15244530721564
0.009576000000000001,4.974543796707311,5.191469509478688,4.9603780629096175,5.1635370571600765
0.009648,4.988323038720928,5.203595904257868,4.9728566955007,5.174498326822766
0.00972,5.0019643006623475,5.215571442665887,4.985209357635406,5.185329983290749
0.009792,5.015467510732496,5.227396350208866,4.9974367140754055,5.196032895807803
0.009864,5.028832582875169,5.239070850891324,5.009539397915408,5.206607914485543
0.009936,5.0420594236318115,5.250595169521137,5.021518025528451,5.217055873979265
0.010008,5.055147939344306,5.261969535568055,5.033373211037831,5.227377600399652
0.01008,5.068098030731859,5.273194192751669,5.045105552430415,5.237573928365408
0.010152,5.0809096450950975,5.284269380304057,5.056715737209657,5.247645664290834
0.010224,5.093582671755432,5.295195344150433,5.068204334315114,5.257593606916035
0.010296,5.10611700602853,5.3059723368983835,5.0795719001546855,5.267418546369214
0.010368,5.118512552737879,5.316600629022653,5.090819014183429,5.27712128185687
0.010440000000000001,5.130769219527086,5.327080485108967,5.101946251512869,5.28670258138929
0.010512,5.142886903266672,5.337412181373675,5.112954139135509,5.29616321044194
0.010584,5.154865529465862,5.347596003269669,5.1238432774660305,5.305503926972304
0.010656,5.166705015038813,5.357632253596949,5.13461420776257,5.314725492407932
0.010728,5.1784052835933325,5.367521232687572,5.145267489012444,5.3238286428827735
0.0108,5.1899662686836034,5.3772632538450935,5.155803680448329,5.332814110942892
0.010872,5.201387912173202,5.386858642788839,5.166223335324508,5.341682623810729
0.010944,5.212670144156796,5.396307741367341,5.176526982760008,5.350434907612773
0.011016,5.223812928978846,5.4056108922609045,5.186715178074554,5.359071667749502
0.011088,5.234816222455332,5.414768452093048,5.196788453718226,5.367593605250057
0.01116,5.245679980161679,5.423780794214842,5.206747328465883,5.376001419229438
0.011232,5.256404189447776,5.432648305543092,5.216592338157616,5.3842958029039005
0.011304,5.266988824444705,5.441371375466354,5.226323996535102,5.392477430864089
0.011376,5.277433875576395,5.449950408591605,5.23594281673352,5.400546973454003
0.011448,5.287739354884958,5.458385823264186,5.2454493138282565,5.408505094726203
0.01152,5.297905259718446,5.466678064823926,5.254843988760542,5.416352466154942
0.011591999999999998,5.307931620228088,5.474827570795312,5.264127345268962,5.4240897298891495
0.011664,5.317818475534311,5.4828347981006695,5.273299881924659,5.4317175274516165
0.011735999999999998,5.3275658548142575,5.490700215690123,5.282362089298659,5.439236491917405
0.011808,5.337173826778751,5.498424322280525,5.291314458221046,5.446647263935508
0.011879999999999998,5.346642459671824,5.506007614409636,5.300157473609232,5.453950462572143
0.011952,5.3559718257093625,5.513450602455665,5.30889161537152,5.461146700039804
0.012023999999999998,5.365162026794034,5.520753811617715,5.317517360120321,5.468236582585476
0.012096,5.3742131727393625,5.527917788534453,5.326035179309608,5.475220715204555
0.012167999999999998,5.383125383256298,5.534943095835495,5.3344455445767895,5.482099697419758
0.012240000000000001,5.391898792132323,5.541830298028438,5.342748918145777,5.488874112761922
0.012311999999999998,5.400533543858309,5.54857997797974,5.350945757566333,5.49554454133309
0.012384000000000001,5.4090298009805355,5.55519273404793,5.359036518618764,5.5021115573849695
0.012455999999999998,5.417387747635712,5.561669191538216,5.3670216564263225,5.50857573643827
0.012528000000000001,5.425607564391033,5.5680099712593165,5.374901613287734,5.51493763585395
0.012599999999999998,5.433689449071966,5.574215713928586,5.382676828544667,5.521197810151745
0.012672,5.441633637847622,5.580287073325274,5.390347747355292,5.527356806871827
0.012743999999999998,5.449440358050401,5.586224730546294,5.3979147997802945,5.533415174158708
0.012816,5.457109857037584,5.592029367505766,5.405378413272733,5.53937344691784
0.012887999999999998,5.464642402146751,5.597701680736737,5.4127390136638605,5.545232154268389
0.01296,5.472038280626658,5.6032423812012855,5.419997025066417,5.550991819587023
0.013031999999999998,5.4792977879399904,5.608652201900845,5.427152861541587,5.556652963957946
0.013104,5.4864212385745885,5.61393188954063,5.434206934469644,5.562216102550556
0.013175999999999998,5.493408964161676,5.619082192655285,5.4411596555827355,5.567681739491675
0.013248,5.500261311215458,5.624103877629781,5.448011427102067,5.573050375251483
0.01332,5.506978642515374,5.628997722900113,5.4547626481056675,5.578322504239083
0.013392,5.513561338699313,5.633764533571224,5.461413715777352,5.583498620252562
0.013464,5.5200097965477095,5.638405121931702,5.4679650232403345,5.588579209643594
0.013536000000000001,5.526324425419069,5.6429203025384265,5.474416954813289,5.5935647497485474
0.013608,5.532505651190755,5.647310907444298,5.480769891606734,5.598455714599247
0.013680000000000001,5.5385539145692455,5.6515777799436915,5.487024209492378,5.603252572897091
0.013752,5.544469688072282,5.655721792830132,5.4931802906735605,5.607955793407212
0.013824000000000001,5.550253444924941,5.659743818443944,5.499238502593912,5.612565836735605
0.013896,5.555905672939967,5.663644735400772,5.505199207478811,5.617083157420674
0.013968000000000001,5.561426877174492,5.6674254379056155,5.511062764226627,5.621508206832748
0.01404,5.56681757961217,5.671086830643859,5.5168295280835205,5.625841431985423
0.014112000000000001,5.572078345398262,5.674629846823995,5.5224998664691585,5.630083278532168
0.014184,5.577209717413078,5.678055414195455,5.528074119857278,5.634234185894936
0.014256,5.582212266904046,5.681364471337553,5.53355263228271,5.638294589869561
0.014328,5.587086579600439,5.6845579694611,5.538935743161905,5.642264923177022
0.014399999999999996,5.591833265837688,5.6876368692990775,5.544223792780972,5.646145615242599
0.014472,5.5964529602321935,5.69060215750269,5.549417122298402,5.649937092240522
0.014543999999999996,5.6009462898229145,5.693454812518414,5.554516057082095,5.653639777851296
0.014616,5.605313905686195,5.6961958263214205,5.5595209236117045,5.65725409301633
0.014687999999999996,5.609556473074926,5.698826200665934,5.564432044483589,5.660780456256343
0.01476,5.6136746870639005,5.701346945784294,5.569249744844442,5.6642192838847425
0.014831999999999996,5.617669247601649,5.70375909541652,5.573974342627008,5.667570988105923
0.014904,5.621540863958509,5.706063672941836,5.5786061505125755,5.670835982229685
0.014975999999999996,5.625290263279247,5.708261716227857,5.583145479575265,5.674014677050964
0.015048,5.6289181864085265,5.710354270603568,5.587592637802977,5.677107482137146
0.015119999999999996,5.6324254088412555,5.712342389801557,5.591947936243257,5.680114805749826
0.015192,5.635812693785832,5.714227148812865,5.596211675940889,5.683037052124421
0.015263999999999996,5.639080826732175,5.716009609253451,5.600384157900306,5.685874630032409
0.015336,5.642230605875543,5.717690846722385,5.604465680614242,5.6886279461443
0.015407999999999996,5.645262847447669,5.719271942761555,5.60845654158113,5.691297407251042
0.01548,5.648178391244923,5.720753984359727,5.612357038957465,5.693883420570183
0.015551999999999996,5.650978070199408,5.722138072479456,5.616167464356187,5.696386390255726
0.015624,5.6536627369007775,5.723425313392101,5.61988810955338,5.69880672174304
0.015695999999999998,5.656233255460889,5.724616807549532,5.623519264786948,5.701144826171733
0.015767999999999997,5.658690513737429,5.72571366537032,5.627061221527229,5.703401113811977
0.01584,5.6610354074146265,5.726717001363838,5.63051426960896,5.705575996770273
0.015912,5.663268835008276,5.727627933648751,5.633878696418997,5.707669889331722
0.015983999999999998,5.6653917106990805,5.7284476037769725,5.637154789834338,5.709683199339495
0.016055999999999997,5.667404958984327,5.729177133101004,5.640342837453758,5.711616348531499
0.016128,5.669309533400758,5.729817653531723,5.643443129046335,5.713469758158627
0.0162,5.671106377542593,5.73037030072623,5.646455952520782,5.715243852473835
0.016272,5.6727964503909405,5.7308362129330765,5.649381596988938,5.716939059445336
0.016343999999999997,5.674380721362307,5.731216533874179,5.652220352561124,5.718555806933983
0.016416,5.6758601728776314,5.73151241360096,5.654972510469779,5.720094522383091
0.016488,5.67723580977372,5.731724995287057,5.657638363383517,5.721555649123615
0.01656,5.678508624324724,5.731855427573931,5.660218206039601,5.7229396302515685
0.016631999999999997,5.679679625676547,5.731904860473327,5.662712335131673,5.724246913971002
0.016704,5.680749830909939,5.731874445003624,5.665121049743538,5.725477953969707
0.016776,5.681720264447295,5.731765335544621,5.66744465165368,5.726633198136886
0.016848,5.682591982787534,5.7315786851217325,5.669683443199336,5.727713110828602
0.016919999999999998,5.68336602045257,5.731315646800778,5.671837733190963,5.728718162858397
0.016992,5.6840434277780805,5.730977374110262,5.673907833093805,5.729648829193226
0.017064,5.684625262472057,5.730565020247537,5.675894058257585,5.7305055915131895
0.017136000000000002,5.685112588161446,5.730079737872617,5.677796728346591,5.731288936065425
0.017207999999999998,5.685506490230738,5.729522679542254,5.679616165382932,5.731999345940432
0.017279999999999997,5.6858080517854015,5.728894996041943,5.681352697774007,5.732637328114866
0.017352,5.686018353378276,5.728197837006233,5.68300666034017,5.733203390483255
0.017424000000000002,5.686138486372153,5.72743235042534,5.684578392748059,5.733698048724834
0.017495999999999998,5.686169546831678,5.7265996823574135,5.686068240701036,5.734121826617208
0.017567999999999997,5.686112641704423,5.725700976354872,5.68747655444307,5.734475247517512
0.01764,5.685968890196134,5.724737374077482,5.688803688929672,5.734758846972347
0.017712000000000002,5.68573939830737,5.7237100147240625,5.69005001101621,5.734973174731059
0.017783999999999998,5.6854252833013845,5.722620034474093,5.691215892794132,5.735118785506675
0.017855999999999997,5.685027665877099,5.7214685664244875,5.692301714084051,5.735196242907693
0.017928,5.6845476706764515,5.720256740242211,5.693307862259999,5.735206119167605
0.018000000000000002,5.683986438801017,5.718985679032909,5.694234725680888,5.73514898023985
0.018072,5.68334509609309,5.7176565066171054,5.695082711491594,5.735025421977788
0.018144,5.682624777498764,5.716270341161262,5.695852231942803,5.734836041682174
0.018216,5.681826620002828,5.7148282966832324,5.696543708549544,5.734581446014389
0.018288,5.68095176217566,5.713331482863393,5.69715757245341,5.734262251183422
0.01836,5.680001352656487,5.7117810021027005,5.697694256985156,5.73387907634209
0.018432,5.6789765338326275,5.710177951261174,5.698154212558202,5.733432547663203
0.018504,5.677878448824925,5.70852342689389,5.698537899916009,5.732923312200974
0.018576,5.676708242850758,5.706818518125888,5.69884578903238,5.732352021033033
0.018648,5.675467061331822,5.705064308756407,5.699078360758684,5.731719334758594
0.01872,5.674156054705358,5.703261877117443,5.6992361009885775,5.731025923596039
0.018792,5.672776373509175,5.701412287466497,5.699319507032644,5.730272452419131
0.018864,5.6713291610560255,5.699516607652838,5.699329095516725,5.72945961168979
0.018936,5.66981556324946,5.697575897438345,5.699265390567434,5.72858809770196
0.019008,5.66823672480551,5.695591209510142,5.699128928196449,5.727658614407666
0.01908,5.666593788859152,5.6935635901774475,5.698920256557213,5.726671874825127
0.019152000000000002,5.664887902015392,5.691494076554669,5.698639926703513,5.725628596979284
0.019224,5.6631202088728765,5.689383693690079,5.698288503068247,5.7245294994048175
0.019296,5.661291845599022,5.687233470122349,5.697866573256144,5.723375324553561
0.019368,5.659403949202117,5.68504442292148,5.697374731347137,5.7221668166685955
0.01944,5.657457653953926,5.682817561955226,5.696813583932492,5.720904728095104
0.019512,5.655454091049743,5.680553889821782,5.696183750274462,5.719589819189712
0.019584,5.6533943926118075,5.678254393786356,5.6954858509029656,5.7182228473622985
0.019656,5.651279687077191,5.6759200594288135,5.694720521224578,5.716804585142949
0.019728,5.649111094865375,5.673551866562176,5.693888420838902,5.715335814911373
0.0198,5.6468897350174165,5.671150784907306,5.692990215062263,5.713817322888971
0.019872,5.64461672257138,5.668717776232934,5.692026581568433,5.712249901889249
0.019944,5.642293168296609,5.6662537929869865,5.690998210430654,5.710634349494362
0.020016,5.639920177616972,5.66375976947826,5.6899058016629,5.7089714568488885
0.020088,5.637498850593567,5.661236646335698,5.688750059326462,5.707262038591261
0.02016,5.63503028847916,5.658685350021614,5.687531702955509,5.7055069075748595
0.020232,5.632515585099091,5.656106798469086,5.686251464859149,5.703706881518534
0.020304,5.629955827303503,5.6535019010812295,5.684910088371896,5.701862782772359
0.020376,5.627352095170099,5.650871552098477,5.6835083273910705,5.6999754305732475
0.020448,5.6247054624693975,5.648216638041746,5.682046945877172,5.69804564895103
0.02052,5.622016999903437,5.645538043194783,5.680526716812719,5.696074272819153
0.020592,5.619287771653432,5.642836639187566,5.678948423053841,5.694062135925703
0.020664,5.6165188348082316,5.640113288658188,5.677312857112131,5.692010074657377
0.020736,5.613711204271707,5.63736884528647,5.675620841380241,5.689918927770316
0.020808,5.610865953276157,5.634604139969013,5.673873168574364,5.687789521570519
0.020880000000000003,5.607984146275368,5.631820011673107,5.67207064244955,5.685622701664654
0.020952000000000002,5.605066750496001,5.629017284044776,5.6702141273854725,5.683419308411279
0.021024,5.60211482271725,5.626196771134014,5.668304435515809,5.681180182486099
0.021096,5.59912942048288,5.623359277676943,5.66634238294551,5.678906164836052
0.021168,5.596111490477663,5.620505591245895,5.66432885822829,5.676598088725608
0.021240000000000002,5.593062045837716,5.617636485620304,5.662264703593722,5.674256782416742
0.021312,5.5899821281178665,5.6147527437780465,5.660150744748488,5.671883091316319
0.021384,5.5868726620496245,5.6118551301408885,5.657987892818825,5.669477850770422
0.021456,5.583734653744488,5.608944399737075,5.655776990995626,5.667041894555648
0.021528,5.580569084116177,5.606021298300444,5.653518898834874,5.664576054644153
0.0216,5.577376895485507,5.603086562382962,5.651214518933549,5.662081160988697
0.021672,5.574159021892864,5.600140918850122,5.648864748711882,5.659558040718425
0.021744,5.570916441355141,5.597185042418432,5.646470429948956,5.657007476450605
0.021816,5.567650085858536,5.5942196618453535,5.6440324395974875,5.654430308689768
0.021888,5.564360869695162,5.591245471370765,5.641551657350714,5.6518273501928755
0.02196,5.561049765381548,5.588263155807952,5.639029003974878,5.649199409767005
0.022032,5.5577176313359855,5.585273390672731,5.6364653539335325,5.6465472920966375
0.022104,5.5543653411027885,5.582276842325927,5.633861599787487,5.64387179759457
0.022176,5.550993748245559,5.579274168129267,5.631218634183532,5.641173722277098
0.022248,5.547603760546012,5.576265984060211,5.6285373450863885,5.638453826684062
0.02232,5.5441963201395215,5.573252919786573,5.625818618555401,5.635712887391342
0.022392,5.540772203167074,5.5702356121630965,5.623063346412598,5.6329516911831545
0.022464,5.537332234627017,5.567214674787241,5.6202724139110165,5.630171005776851
0.022536,5.533877222789633,5.564190711892848,5.617446702634455,5.627371592716853
0.022608,5.530408100521302,5.561164318499778,5.614587087640985,5.624554207283766
0.022680000000000002,5.526925644903702,5.558136080576059,5.6116944437971155,5.621719598428092
0.022752,5.523430640602326,5.555106563896339,5.608769639824488,5.6188684987723585
0.022824,5.519923874130393,5.552076299995972,5.605813538382329,5.616001611705471
0.022896,5.516406139876682,5.54904586490218,5.602827001157116,5.613119680634378
0.022968000000000002,5.512878266225506,5.546015801609621,5.599810895689617,5.610223420790757
0.02304,5.509340987095171,5.542986643798882,5.5967660622888955,5.607313539804427
0.023112,5.505795057341301,5.539958915988384,5.593693342456637,5.604390737677548
0.023184,5.502241219663309,5.5369331336978265,5.590593570299225,5.601455706780877
0.023256,5.498680241296276,5.533909803623327,5.587467595350327,5.5985091318713325
0.023328,5.495112847604786,5.530889385954983,5.584316241302916,5.595551660366566
0.0234,5.491539743686158,5.527872379917289,5.581140318853142,5.592583969027204
0.023472,5.487961631581075,5.524859263610492,5.577940636427501,5.589606717106996
0.023544,5.484379200313142,5.521850502391504,5.574717993847564,5.5866205526940265
0.023616,5.480793161055791,5.518846552704742,5.5714732010185095,5.583626115624081
0.023688,5.477204196685421,5.515847862249042,5.5682070513704,5.580624037540265
0.02376,5.473612952138406,5.512854870155307,5.564920316111112,5.577614941970876
0.023832,5.470020074749101,5.509867989705984,5.561613765743892,5.5745994315300305
0.023904,5.4664261983398355,5.506887628506666,5.558288161546727,5.571578102500095
0.023976,5.462831977771156,5.5039142079000545,5.554944266513161,5.568551559347688
0.024048,5.459238058508972,5.500948127909771,5.551582836145143,5.565520388842623
0.02412,5.455645023663289,5.497989780035441,5.548204600937127,5.562485169425777
0.024192,5.452053467690233,5.495039547422122,5.544810289834408,5.559446471315322
0.024264,5.44846397174528,5.4920978050390525,5.541400622387022,5.556404856626896
0.024336,5.4448771301605525,5.489164914580729,5.537976314626788,5.553360875559092
0.024408000000000003,5.441293550343231,5.4862411936809155,5.534538079640196,5.550315043181464
0.024480000000000002,5.437713758742166,5.483327015580173,5.531086606084228,5.547267913922328
0.024552,5.434138299206924,5.480422718438137,5.527622580071518,5.544220014040801
0.024624,5.430567702900769,5.477528632464143,5.524146678558486,5.541171861775814
0.024696,5.427002496688533,5.4746450800992905,5.520659570712688,5.538123967484959
0.024768000000000002,5.423443261352731,5.4717723762070465,5.517161927948723,5.5350768337931315
0.02484,5.419890458564775,5.468910828272168,5.513654395596016,5.532030955750319
0.024912,5.416344584444723,5.466060736608137,5.51013761766818,5.528986820998182
0.024984,5.412806122200203,5.463222361285325,5.506612229407379,5.525944885601449
0.025056000000000002,5.409275549779546,5.460395969930803,5.503078857981711,5.52290560858736
0.025128,5.405753381555653,5.457581856697386,5.499538126463592,5.519869466246858
0.0252,5.4022400437266365,5.454780286568772,5.495990643490237,5.516836911417844
0.025272,5.398735982989268,5.451991517367717,5.492437012148614,5.513808389506237
0.025344,5.395241636048913,5.44921579993989,5.488877827770926,5.510784338627541
0.025416,5.3917574299621895,5.446453378345104,5.485313678153805,5.507765189753614
0.025488,5.388283782501071,5.443704490055383,5.4817451437967994,5.504751366864889
0.02556,5.38482110168763,5.440969366160243,5.478172789569492,5.5017432871073115
0.025632,5.3813697876760065,5.438248163672865,5.474597177855875,5.4987413134241026
0.025704,5.377930233116651,5.435541131581969,5.471018869808409,5.495745870198114
0.025776,5.3745028226700855,5.432848476921805,5.4674384160377185,5.492757350290503
0.025848,5.371087933900666,5.430170397563577,5.463856360782244,5.489776137717814
0.02592,5.36768593778291,5.427507084874723,5.460273242216647,5.486802609498339
0.025992,5.3642971935681905,5.424858723886981,5.456689590551479,5.48383713576243
0.026064,5.360921978671698,5.4222254934699805,5.453105900199282,5.480880079864486
0.026136,5.357560675435503,5.41960756651023,5.449522703300581,5.477931798497776
0.026208,5.354213615175053,5.417005092294166,5.445940508877649,5.474992631209282
0.02628,5.350881122252171,5.414418202051652,5.442359820076683,5.472062903432034
0.026352,5.347563514445357,5.411847069396959,5.438781134407315,5.46914296268651
0.026424,5.344261103335871,5.409291837952083,5.435204943991225,5.466233135548049
0.026496,5.340974147002432,5.406752645377551,5.4316317178851286,5.4633337418714625
0.026568,5.337702908859998,5.404229623521454,5.428061923611056,5.460445094868929
0.02664,5.334447693279853,5.401722898572435,5.424496041149819,5.457567501188886
0.026712,5.331208768679431,5.39923259121699,5.420934534137892,5.454701260996403
0.026784,5.327986395714362,5.396758816800759,5.417377860410757,5.451846668054549
0.026856,5.324780827454874,5.3943016564443615,5.413826472121228,5.4490039968220225
0.026928,5.321592308976454,5.391861219249994,5.410280815577581,5.446173529989432
0.027,5.318421037714113,5.389437607319462,5.406741312290397,5.4433555431724
0.027072000000000002,5.3152672593119155,5.387030910982287,5.403208404465673,5.440550302700588
0.027144,5.312131189771078,5.384641215402177,5.399682518228718,5.437758068547131
0.027216,5.309013037034554,5.382268600717407,5.396164073787678,5.434979094389104
0.027288,5.305913001092391,5.379913142184384,5.3926534854772346,5.432213627669361
0.027360000000000002,5.302831274092946,5.377574910324193,5.389151161800854,5.429461909658641
0.027432,5.299768041507327,5.375253966161493,5.385657503866057,5.426724173775947
0.027504,5.296723481356204,5.372950347072329,5.382172906894406,5.424000640438956
0.027576,5.293697762723705,5.370664122996335,5.378697762679357,5.421291537097624
0.027648000000000002,5.290691048250265,5.368395343086473,5.3752324560022915,5.418597079381363
0.02772,5.287703493494388,5.3661440520063834,5.37177736589523,5.415917476835321
0.027792,5.2847352470906435,5.363910290059108,5.368332865674504,5.413252932970635
0.027864,5.2817864509140575,5.3616940933179915,5.364899322975345,5.410603645316263
0.027936000000000002,5.278857236477854,5.359495493759624,5.361477094630998,5.4079698054715015
0.028008,5.275947734420082,5.357314519398949,5.358066539358913,5.40535159915977
0.02808,5.273058067101976,5.3551511731883545,5.354668007531142,5.402749199373776
0.028152,5.270188350649464,5.353005470681949,5.351281843709563,5.400162778412126
0.028224000000000003,5.267338695290925,5.350877437042246,5.347908386879284,5.397592507173352
0.028296,5.264509205556843,5.3487670822483215,5.344547970489259,5.39503854707174
0.028368,5.261699980486019,5.3466744126195405,5.341200922494861,5.392501053756677
0.02844,5.258911113837857,5.344599430939363,5.337867565404101,5.389980177161923
0.028512,5.2561426926227375,5.342542136580827,5.334548215506739,5.387476061556511
0.028584,5.253394745915767,5.340502525633297,5.331243157758008,5.38498884559626
0.028656,5.250667381708737,5.338480591030633,5.327952712213947,5.3825186623773
0.028728,5.24796066833697,5.336476322680673,5.324677176599724,5.380065639490512
0.0288,5.245274669157001,5.3344896915157625,5.321416842967614,5.37762989437255
0.028872000000000002,5.242609442741363,5.3325206511135885,5.318171997726383,5.375211534551956
0.028944,5.239965043078417,5.330569205001953,5.314942921673308,5.372810677558348
0.029016,5.237341519777367,5.328635327271078,5.311729890030393,5.370427427793678
0.029088,5.234738918278249,5.326718989080139,5.308533172484026,5.3680618842186485
0.029160000000000002,5.232157271324518,5.324820158761801,5.305353029161021,5.365714140398253
0.029232,5.2295965399358115,5.322938801927338,5.302189682789782,5.363384284549034
0.029304,5.227056799657152,5.321074881572316,5.299043405400008,5.361072399587059
0.029376,5.224538071105768,5.319228358182603,5.295914439696642,5.358778563176797
0.029448000000000002,5.222040370514404,5.317399189841057,5.29280302234645,5.356502847780636
0.02952,5.219563709885295,5.315587330051011,5.289709383984068,5.354245320584597
0.029592,5.217108097147529,5.313792688748912,5.286633749219684,5.3520060412330475
0.029664,5.214673536317585,5.3120152434113095,5.283576336650802,5.349785068009492
0.029736000000000002,5.212260027662944,5.310254939443027,5.280537358875721,5.347582452612877
0.029808,5.209867556836495,5.308511719908688,5.277517018549642,5.345398241717467
0.02988,5.20749606784757,5.306785525614517,5.274515498392602,5.343232477019492
0.029952,5.205145578116318,5.305076295189818,5.271533002584469,5.341085195283566
0.030024000000000002,5.2028160669632975,5.3033839651684875,5.268569716832539,5.338956428390067
0.030096,5.200507509839301,5.3017084700701185,5.265625820512601,5.336846203381812
0.030168,5.198219878444786,5.3000497424808515,5.262701486667092,5.334754542511685
0.03024,5.195953140851066,5.298407713133951,5.25979688200404,5.332681463290757
0.030312000000000002,5.193707261623289,5.2967822928065305,5.256912166899053,5.3306269903472465
0.030384,5.191482201945169,5.2951734132265935,5.25404749539882,5.328591128653939
0.030456,5.189277913347122,5.2935810020001055,5.251203016127867,5.32657388030284
0.030528,5.187094333613393,5.2920049809396525,5.248378872757712,5.324575245580666
0.0306,5.184931424373552,5.290445270146657,5.245575198830847,5.322595220386461
0.030672,5.18278913141224,5.288901788075608,5.242792123430615,5.320633796283303
0.030744,5.180667397373021,5.287374451597632,5.240029769375528,5.318690960548984
0.030816,5.178566161866693,5.285863176063407,5.2372882532328005,5.316766696226251
0.030888,5.1764853615805215,5.284367875365353,5.234567685334763,5.3148609821734585
0.03096,5.174424930388359,5.28288846199895,5.231868169797723,5.3129737931144545
0.031032,5.172384799461829,5.281424844231267,5.229189804540697,5.311105111976812
0.031104,5.1703648933167665,5.279976930231562,5.226532685575848,5.309254912273617
0.031176,5.168365131275945,5.2785446303311945,5.223896905480397,5.307423149193217
0.031248,5.166385441196119,5.277127851431515,5.221282539233154,5.305609783652604
0.03132,5.164425743005336,5.275726499261693,5.2186896616782334,5.303814772904455
0.031392,5.162485954294206,5.274340478431267,5.216118341759482,5.302038070594581
0.031464,5.160565990418721,5.272969692481662,5.213568642558951,5.300279626816237
0.031535999999999995,5.1586657646035325,5.271614043936759,5.21104062133549,5.298539388165143
0.031608,5.156785188045535,5.270273434352462,5.208534329566226,5.296817297792309
0.03168,5.154924170017873,5.2689477643652385,5.206049812987719,5.295113295456806
0.031752,5.153082606877209,5.267636933591881,5.203587116466412,5.293427323347277
0.031824,5.151260394440769,5.266340840463067,5.20114627853927,5.291759333157472
0.031895999999999994,5.149457445841227,5.265059383416577,5.1987273239014655,5.290109242249165
0.031968,5.147673661373972,5.263792459782666,5.196330276627391,5.288476979629168
0.03204,5.145908939681057,5.262539966186398,5.19395515535253,5.2868624714009655
0.032111999999999995,5.144163177842964,5.261301798588951,5.191601973322122,5.285265640820639
0.032184,5.142436271470231,5.260077852327847,5.189270738441756,5.283686408351954
0.032256,5.1407281147948005,5.258868022156045,5.186961453327172,5.282124691719647
0.032328,5.139038600761459,5.257672202279812,5.1846741153555485,5.280580405961332
0.0324,5.1373676211187425,5.256490286395394,5.182408716715552,5.279053463477839
0.032471999999999994,5.135715066509847,5.255322167724564,5.180165244458915,5.277543774081344
0.032544,5.134080796525557,5.254167739477467,5.17794369557215,5.2760512802912185
0.032616,5.13246470594776,5.253026893724798,5.175744043657664,5.274575865233358
0.032687999999999995,5.130866687379287,5.251899522464933,5.173566258087167,5.273117432538739
0.032760000000000004,5.129286624324254,5.250785517363166,5.171410307461912,5.271675884517407
0.032832,5.127724399246398,5.249684769769992,5.169276155643152,5.2702511213202525
0.032904,5.126179893637538,5.248597170749287,5.167163761807129,5.268843040986113
0.032976,5.124652988085394,5.2475226111052695,5.1650730804986225,5.2674515394857995
0.033047999999999994,5.123143562340508,5.2464609814080765,5.16300406168375,5.266076510764608
0.03312,5.1216514953824195,5.245412172018155,5.160956650802416,5.264717846783231
0.033192,5.120176665484932,5.244376073109192,5.158930788818756,5.263375437555734
0.033263999999999995,5.118718948688152,5.2433525746898555,5.156926414224621,5.262049171186569
0.033336000000000005,5.117278193122309,5.242341566624005,5.154943494508988,5.260738933904312
0.033408,5.115854293090336,5.241342948024856,5.152981935449002,5.259444666244071
0.03348,5.114447122149354,5.2403566031050905,5.151041663494256,5.258166218285607
0.033552,5.113056553187072,5.239382421547481,5.149122601151396,5.256903471625558
0.033623999999999994,5.11168245846695,5.238420293486358,5.14722466703979,5.255656309242012
0.033696,5.110324709672116,5.2374701090562334,5.1453477759464565,5.254424612729034
0.033768,5.108983177948125,5.2365317584071995,5.143491838879271,5.253208262331467
0.033839999999999995,5.1076577339444205,5.235605131719,5.141656763117672,5.252007136979159
0.033912,5.106348247854533,5.234690119213812,5.139842452262046,5.250821114317324
0.033984,5.105054589454967,5.233786611167583,5.138048806281404,5.249650070736097
0.034056,5.103776627210709,5.2328944979200855,5.136275739424142,5.248493881396469
0.034128,5.102514228736873,5.232013669883679,5.134523171299556,5.247352420255436
0.034199999999999994,5.101267263851303,5.231144017550528,5.132790969856288,5.246225560087695
0.034272000000000004,5.100035600760986,5.230285450670025,5.131079025355202,5.2451132388145725
0.034344,5.098819107401113,5.2294378495887255,5.129387225082311,5.244015290997525
0.034415999999999995,5.097617651464539,5.228601104918057,5.12771545340381,5.242931585322074
0.034488,5.0964311004297915,5.227775108953011,5.126063591819864,5.241861994821639
0.034559999999999994,5.09525932158771,5.226959754219972,5.124431519014538,5.240806391851759
0.034632,5.0941021820666625,5.226154933482489,5.122819110904456,5.239764648116386
0.034704,5.092959548856169,5.22536053974571,5.121226240684423,5.238736634691399
0.034775999999999994,5.091831288829222,5.224576466259607,5.119652778870117,5.237722222045585
0.034848000000000004,5.090717278567559,5.223802606520837,5.118098631106334,5.236721280059484
0.03492,5.0896173846817145,5.223038854273475,5.116563662368638,5.235733678042509
0.034991999999999995,5.08853147102277,5.222285103508302,5.115047724638167,5.234759284747179
0.035064,5.087459405470618,5.221541248460949,5.113550683032453,5.2337979683812526
0.035135999999999994,5.0864010560098585,5.220807211083838,5.112072400668533,5.232849659444113
0.035208,5.085356290749745,5.220082872377366,5.110612738712338,5.231914193539299
0.03528,5.084324977942744,5.2193681263608696,5.10917155642602,5.230991435059044
0.035351999999999995,5.083306986001637,5.218662870321219,5.107748711213114,5.230081254817175
0.035424000000000004,5.082302183515079,5.217967001958437,5.106344058659467,5.229183523529925
0.035496,5.081310439261755,5.217280419385217,5.1049574525728545,5.228298111832289
0.035567999999999995,5.0803316222229,5.216603021125412,5.1035887450178965,5.227424890291781
0.03564,5.079365619144041,5.21593470611128,5.102237840902394,5.2265637294198335
0.035711999999999994,5.078412289349296,5.2152753736796775,5.100904557499563,5.225714499681992
0.035784,5.0774715035403135,5.214624923567062,5.099588745072816,5.224877071505023
0.035856,5.076543133147777,5.213983255903316,5.098290253770658,5.224051315282426
0.035927999999999995,5.0756270500029474,5.213350271204455,5.097008932607119,5.223237101378129
0.036000000000000004,5.074723126349005,5.212725898940327,5.095744629501932,5.222434352882354
0.036072,5.073831234851132,5.212110027291974,5.094497191317007,5.221642915812905
0.036144,5.072951248604998,5.211502556127049,5.093266463889568,5.220862657123259
0.036216000000000005,5.0720830411437525,5.210903389672608,5.092052292063024,5.220093451128351
0.036288,5.071226486443613,5.210312432697002,5.090854519713999,5.219335172462938
0.03636,5.070381462451189,5.2097295905052015,5.08967300273118,5.218587696087824
0.036432,5.0695478527905005,5.209154768932957,5.088507615243006,5.217850897294053
0.036504,5.068725526489671,5.208587874340219,5.087358175130014,5.217124651705386
0.036576,5.06791436047109,5.208028813603177,5.08622452675101,5.2164088352780835
0.036648,5.067114232228666,5.207477494105613,5.085106514014398,5.215703324300438
0.03672,5.0663250198311465,5.206933823729038,5.084003980408026,5.215007995388951
0.036792,5.0655466019239705,5.206397710841888,5.082916769024271,5.214322725483454
0.036864,5.0647788577298,5.205869090042792,5.081844722584211,5.213647436788169
0.036936000000000004,5.064021667047622,5.20534785999049,5.080787683455788,5.212981988155774
0.037008,5.06327491025048,5.204833928110308,5.079745493673002,5.212326253301895
0.03708,5.062538468281707,5.204327206694131,5.078717994949116,5.211680113954638
0.037152,5.061812231823102,5.203827608645347,5.077705055478786,5.211043452432445
0.037223999999999986,5.0610960852447215,5.203335047470612,5.076706523003535,5.2104161516416845
0.037296,5.0603899071351925,5.202849437270852,5.075722226478881,5.209798095071473
0.037368,5.0596935820480144,5.202370692731257,5.074752010399938,5.209189166789076
0.03744,5.05900699521325,5.20189872911048,5.073795719369698,5.20858925143227
0.037512000000000004,5.058330032532883,5.2014334622288985,5.072853198113647,5.207998234199719
0.037584,5.057662580575085,5.2009748084560545,5.071924291492466,5.207416000841994
0.037656,5.057004526566951,5.200522684697126,5.071008844511493,5.206842437648363
0.037728,5.05635575838612,5.200077040338433,5.070106702327594,5.206277487110935
0.037799999999999986,5.055716164551042,5.199637779553651,5.069217710253219,5.2057210123993505
0.037872,5.055085634209979,5.1992048159909965,5.068341713757959,5.20517289291213
0.037944,5.05446407581891,5.198778070433972,5.067478600770175,5.204633020127866
0.038016,5.053851371198121,5.198357464270528,5.066628197602167,5.204101286223396
0.038088,5.053247411100534,5.19794291948025,5.065790349634066,5.203577584061261
0.03816,5.052652088871719,5.197534358620662,5.06496490693663,5.203061807176554
0.038232,5.0520652985982215,5.197131704812887,5.064151720102847,5.202553849761462
0.038304000000000005,5.051486935098247,5.196734881726386,5.063350640249658,5.202053606649699
0.038375999999999987,5.050916893910856,5.19634381356301,5.06256151902018,5.201560973299183
0.038448,5.050355071284267,5.195958425040281,5.061784208581928,5.201075845772582
0.03852,5.049801364162684,5.195578641373871,5.061018561623057,5.200598120718764
0.038592,5.049255670172113,5.1952043882593575,5.060264431346397,5.200127695350438
0.038664,5.048717891598292,5.194835591853164,5.059521679275815,5.199664467423344
0.038736,5.048187944530133,5.194472204192,5.058790193106298,5.199208378098839
0.038808,5.047665717029515,5.194114172265644,5.058069804903507,5.198759359585041
0.03888,5.0471511111363965,5.193761397882422,5.0573603733620045,5.198317267742745
0.038952,5.046644029680361,5.1934138116776465,5.056661757987756,5.197882006876511
0.039024,5.046144376269662,5.193071344868116,5.055973819094114,5.1974534820577905
0.039096,5.045652055279104,5.1927339292374874,5.055296417797286,5.197031599108193
0.039168,5.0451669718371,5.19240149712092,5.054629416008903,5.196616264581751
0.03924,5.0446890318115045,5.1920739813892265,5.053972676425775,5.196207385745997
0.039312,5.0442181417946355,5.191751315432363,5.053326062519215,5.1958048705622915
0.039384,5.043754209087083,5.191433433142165,5.052689438521269,5.19540862766502
0.039456,5.043297151735636,5.1911202688946885,5.052062688048927,5.195018566340459
0.039528,5.04284688436916,5.190811757531731,5.051445687789993,5.194634596503694
0.0396,5.042403309784455,5.190507834341901,5.050838291994969,5.1942566286753795
0.039672000000000006,5.041966339712388,5.190208435040956,5.05024037098822,5.193884573957914
0.039744,5.041535886680653,5.189913499809988,5.0496517960808704,5.193518350320749
0.039816000000000004,5.041111864000799,5.1896230291219165,5.049072439561276,5.193157969262148
0.039888,5.0406941857544725,5.189336912906966,5.048502174681569,5.192803270250633
0.03996,5.040282766778802,5.189055091462506,5.04794087564565,5.192454171096219
0.040032,5.039877522650778,5.1887775056538965,5.047388417591592,5.192110590413965
0.040104,5.039478369670935,5.1885040969009735,5.046844676576025,5.191772447607805
0.040176,5.039085224846066,5.188234807163856,5.0463095295546525,5.1914396628521455
0.040248,5.038698020930874,5.187969578928403,5.045782881651584,5.19111215707374
0.04032,5.038316671514016,5.187708355191137,5.045264602814828,5.190789851932735
0.040392000000000004,5.037941094142263,5.187451079443715,5.044754569846856,5.190472669802716
0.040463999999999986,5.037571210070576,5.18719769565688,5.044252665929094,5.19016053375042
0.040536,5.0372069413253655,5.1869481482640465,5.043758775304535,5.189853367514509
0.040608,5.036848210690189,5.1867023821442615,5.043272783262027,5.189551095483977
0.04068,5.036494941690599,5.186460342604926,5.04279457611904,5.189253642675518
0.040752,5.036147058578226,5.186221975363809,5.042324041203162,5.188960934711173
0.040824,5.035804486313949,5.185987266665356,5.041861066832517,5.188672955147449
0.040896,5.035467150550264,5.1857561551998375,5.041405542294905,5.188389619423912
0.040968,5.035134979321821,5.185528575022992,5.040957360800514,5.188110836450833
0.041039999999999986,5.034807914556302,5.1853044760477545,5.040516439482638,5.187836537835554
0.041112,5.034485874335209,5.185083808714505,5.040082653724314,5.187566655952077
0.041184,5.034168788264314,5.1848665239783545,5.039655898783853,5.187301123924138
0.041256,5.033856586688682,5.1846525732961295,5.039236071001416,5.187039875607146
0.041328,5.033549200678451,5.184441908612944,5.038823067780217,5.186782845571284
0.0414,5.033246562013797,5.184234482348431,5.038416787568733,5.186529969082155
0.041472,5.0329486031694195,5.184030247382606,5.038017129840063,5.186281182082501
0.041544,5.032655257298323,5.18382915704138,5.037623995071029,5.18603642117295
0.041615999999999986,5.032366458214934,5.183631165081704,5.03723728471981,5.185795623591396
0.041688,5.0320821403776685,5.18343622567642,5.036856901202897,5.185558727194032
0.041760000000000005,5.031802245162714,5.183244293398664,5.036482758191907,5.185325670433668
0.041832,5.031526715005096,5.183055336472575,5.036114770959599,5.18509641027433
0.041904000000000004,5.031255480263702,5.1828693331557885,5.035752834883587,5.184870917214535
0.041976,5.030988479120706,5.182686216866483,5.0353968581018025,5.184649101189922
0.042048,5.03072565044324,5.182505945607017,5.035046749791945,5.184430905451334
0.04212,5.030466933769039,5.182328477853114,5.034702420154007,5.184216273936724
0.042191999999999986,5.03021226929151,5.182153772542094,5.034363780388536,5.184005151254218
0.042264,5.029961597844234,5.181981789060696,5.034030742675875,5.183797482665676
0.042336,5.029714860884955,5.181812487232624,5.0337032201546075,5.183593214069482
0.042408,5.029472000479051,5.181645827305892,5.033381126898095,5.183392291982832
0.042480000000000004,5.029232959282415,5.1814817699398334,5.0330643778916855,5.183194663524909
0.042552,5.028997691137703,5.18132027619179,5.032752905582784,5.183000276397487
0.042624,5.028766138300148,5.181161307503687,5.032446624252743,5.18280907886806
0.042696,5.0285382429333385,5.181004825688143,5.032145448050838,5.182621019749749
0.042768,5.028313951147997,5.180850792914501,5.031849297288085,5.182436048383577
0.04284,5.028093209682637,5.180699171694479,5.031558093245954,5.182254114618348
0.042912,5.027875965889655,5.180549959920799,5.031271758157805,5.182075215943136
0.042984,5.027662167721048,5.18040309811614,5.03099021518827,5.181899272608156
0.043056,5.027451763713307,5.180258549718132,5.030713388412021,5.181726235799649
0.043127999999999986,5.027244702971708,5.1801162801649445,5.030441202792316,5.1815560594358665
0.0432,5.027040935153856,5.179976255291598,5.030173584159185,5.1813886980079085
0.043272000000000005,5.026840410758513,5.179838441318764,5.029910459653591,5.181224106563829
0.043344,5.026643092055566,5.179702804841273,5.029651774387621,5.181062240693162
0.043416,5.026448923373251,5.179569312816605,5.029397446067594,5.18090305651035
0.043488,5.0262578573344125,5.179437932552891,5.029147405104782,5.180746510639839
0.04356,5.026069847153709,5.179308631696983,5.028901582829308,5.1805925601981935
0.043632,5.025884846648827,5.17918137822213,5.028659911504677,5.180441162778827
0.043703999999999986,5.025702810251484,5.179056140415502,5.028422324343288,5.180292276434182
0.043776,5.025523693018356,5.178932886865562,5.02818875551982,5.180145859659453
0.043848000000000005,5.025347450641913,5.178811586449219,5.027959140186964,5.180001871375148
0.04392,5.025174039662317,5.178692239367637,5.027733414919709,5.179860312588041
0.043992,5.025003418116492,5.178574816485625,5.027511519089567,5.179721144827092
0.044064,5.02483554299768,5.178459268711798,5.027293389415228,5.179584302922448
0.044136,5.024670372746642,5.178345567474588,5.027078965298799,5.179449749309267
0.044208,5.024507866499036,5.178233684518053,5.02686818719901,5.179317446876839
0.044279999999999986,5.024347984095366,5.178123591890547,5.026660996644281,5.179187358953885
0.044352,5.024190686090655,5.178015261933304,5.026457336243785,5.179059449292334
0.044424,5.024035933764114,5.177908667268888,5.026257149699882,5.178933682052868
0.044496,5.0238836891283185,5.177803780789383,5.026060381819411,5.178810021788735
0.044568,5.023733910149007,5.177700575644501,5.025866971983865,5.178688433429629
0.04464,5.023586550687859,5.177599025229534,5.0256768540823336,5.178568882266254
0.044712,5.023441582102178,5.177499103173041,5.025489985987544,5.178451333934108
0.044784,5.023298968193742,5.1774007833245665,5.025306315345839,5.178335754397491
0.044855999999999986,5.023158673461019,5.17730403974201,5.025125790845604,5.178222109932424
0.044928,5.023020663107782,5.177208846678985,5.024948362228326,5.178110367111023
0.045,5.022884903051507,5.177115178571973,5.024773980296509,5.178000492784483
0.045072,5.022751359931363,5.17702301002733,5.024602596923729,5.177892454066615
0.045144,5.022620001115652,5.176932315808166,5.024434165062708,5.177786218316779
0.045216,5.022490782946326,5.1768430822626925,5.024268622606649,5.177681767917053
0.045288,5.02236366456617,5.176755355074038,5.024105911416065,5.177579161881359
0.045360000000000004,5.022238624654063,5.176669048407106,5.023946000237427,5.177478289189688
0.045431999999999986,5.022115631500152,5.176584139908866,5.02378884361847,5.177379121018153
0.045504,5.021994654021705,5.176500607463803,5.023634397038652,5.177281628882493
0.045576,5.021875661770202,5.176418429184179,5.023482616918242,5.177185784625513
0.045648,5.021758624938269,5.176337583400271,5.02333346062363,5.177091560404261
0.04572,5.0216435143666995,5.17625804865046,5.023186886475512,5.176998928676849
0.045792,5.021530301551161,5.1761798036711815,5.02304285375483,5.176907862189613
0.045864,5.021418942898575,5.176102827386825,5.022901301269425,5.176818333963914
0.045936000000000005,5.0213094081165535,5.176027098899484,5.02276218603888,5.176730317283169
0.046007999999999986,5.021201677007636,5.175952597478625,5.0226254788767655,5.1766437856790235
0.04608,5.0210957216834124,5.175879302550638,5.02249114018346,5.176558712918789
0.046152,5.0209915148032005,5.175807193688223,5.02235913116737,5.176475072991118
0.046224,5.0208890295789335,5.175736250599861,5.022229413849372,5.176392840093304
0.046296,5.020788239779579,5.175666453118975,5.022101951068783,5.17631198861697
0.046367999999999986,5.020689119734823,5.17559778119307,5.021976706487654,5.176232493135321
0.04644,5.020591644337946,5.175530214872811,5.021853644596703,5.176154328388349
0.046512,5.02049577270216,5.175463734301008,5.021732708824146,5.176077469269936
0.046583999999999987,5.020401483976395,5.175398385860062,5.021613869510594,5.176001973669082
0.046656,5.020308757574165,5.1753341307181815,5.021497097405836,5.175927792597065
0.046728,5.020217569017464,5.175270926309457,5.0213823581074335,5.175854872520634
0.0468,5.0201278943102094,5.175208755685238,5.021269617917085,5.17578319204489
0.046872000000000004,5.0200397099430605,5.1751476020931495,5.021158843844733,5.175712730048516
0.046943999999999986,5.01995299289828,5.175087448970057,5.021050003612729,5.175643465674487
0.047016,5.019867720654443,5.17502827993482,5.020943065659835,5.175575378320824
0.047088,5.019783871190995,5.174970078781088,5.020837999143866,5.175508447631011
0.04716,5.019701406936858,5.1749128294700215,5.020734752735867,5.175442653484699
0.047232,5.019620314138948,5.174856516122836,5.020633306671673,5.175377975988417
0.047304,5.019540572507714,5.174801123013427,5.02053363258685,5.175314395465485
0.047376,5.019462160683906,5.1747466345608215,5.020435700758877,5.175251892447004
0.047448000000000004,5.019385057736202,5.174693035321594,5.020339482086398,5.17519044766182
0.047519999999999986,5.019309243163568,5.174640309982265,5.020244948092284,5.175130042027607
0.047592,5.019234696896947,5.174588443351554,5.020152070926831,5.175070656639903
0.047664,5.019161399300397,5.1745374203526175,5.020060823370243,5.175012272763692
0.047736,5.019089330621983,5.174487226015235,5.019971178117417,5.174954871822615
0.047808,5.019018457219222,5.174437845467891,5.019883089730007,5.174898435390021
0.04788,5.018948769817793,5.174389280400086,5.019796544688459,5.174842965100827
0.047952,5.0188802494680385,5.174341555980212,5.019711516871911,5.174788490939335
0.048024000000000004,5.018812877601919,5.174294617416896,5.019627980703785,5.17473494620029
0.048095999999999986,5.018746636036208,5.174248451963645,5.019545911154881,5.174682315097311
0.048168,5.0186815069751685,5.1742030470430045,5.019465283745438,5.174630582070752
0.04824,5.018617473012504,5.174158390241336,5.019386074547182,5.174579731781559
0.048312,5.018554517132611,5.1741144693036745,5.019308260185328,5.17452974910393
0.048384,5.018492620441138,5.1740712721283515,5.019231814909855,5.174480619118905
0.048456,5.018431755950632,5.174028786761878,5.019156702578688,5.1744323271071195
0.048528,5.018371914862923,5.173987001393408,5.019082910592053,5.174384858542633
0.0486,5.018313080725674,5.17394590434951,5.019010416501279,5.1743381990852635
0.048671999999999986,5.018255237419688,5.173905484088629,5.018939198333431,5.174292334574192
0.048744,5.018198369160663,5.173865729195679,5.018869234592886,5.1742472510212
0.048816000000000005,5.0181424605009655,5.17382662837651,5.018800504262822,5.174202934602814
0.048888,5.018087496331043,5.1737881704523385,5.018732986807305,5.174159371654531
0.048960000000000004,5.018033461880775,5.173750344354205,5.018666662172403,5.174116548662871
0.049031999999999985,5.017980339056844,5.17371313911726,5.018601506057362,5.174074452258905
0.049104,5.017928106910175,5.173676543875168,5.018537490482583,5.174033069210957
0.049176,5.017876756890366,5.173640547854351,5.018474603502517,5.173992386417607
0.049247999999999986,5.017826274737782,5.173605171790616,5.01841282584057,5.173952427720425
0.04932,5.017776646489112,5.173570388547195,5.0183521386315935,5.173913160829733
0.049392,5.017727858477596,5.17353618242704,5.018292523424164,5.173874566913278
0.049464,5.017679897331883,5.173502544026874,5.018233962180932,5.173836634535431
0.049536000000000004,5.017632749973238,5.173469464070172,5.018176437279933,5.17379935242623
0.049607999999999985,5.017586403610501,5.17343693340292,5.018119931516871,5.173762709475728
0.04968,5.017540840982472,5.173404942989328,5.0180644221043895,5.173726694729146
0.049752,5.017496046310387,5.173373483907633,5.018009888123147,5.173691297380673
0.049823999999999986,5.0174520112360055,5.173342547345672,5.01795631805645,5.173656506768382
0.049896,5.017408723390466,5.173312124596619,5.01790369536827,5.17362231236955
0.049968,5.017366170661207,5.17328220705455,5.017852003877971,5.173588703793512
0.05004,5.017324341194298,5.173252786210084,5.017801227762007,5.173555670777978
0.050112000000000004,5.017283223396625,5.173223853645953,5.017751351554519,5.1735232031825
0.050183999999999986,5.0172428059382375,5.1731954010324745,5.0177023601477275,5.173491290983334
0.050256,5.0172030777545364,5.173167420123123,5.017654238793853,5.173459924267676
0.050328,5.017164022654076,5.173139902750019,5.0176069662891,5.173429093228451
0.050399999999999986,5.0171256292492155,5.173112840819367,5.017560527525581,5.173398788158469
0.050472,5.0170878893303605,5.173086226306887,5.017514911434317,5.17336899944531
0.050544,5.01705079222041,5.1730600609058,5.0174701038498934,5.173339728754466
0.050616,5.0170143274643015,5.1730343468613915,5.017426090915267,5.173310978378285
0.050688,5.016978484826137,5.173009062979887,5.017382859080541,5.173282723457509
0.050759999999999986,5.0169432542842785,5.172984202183523,5.01734039510487,5.173254955516372
0.050832,5.016908626024233,5.172959757484013,5.0172986860568525,5.1732276661937115
0.050904000000000005,5.0168745904289365,5.172935721978943,5.017257719314978,5.173200847239026
0.050976,5.016841132205474,5.172912088848267,5.017217475214742,5.1731744905073676
0.051048,5.016808243573821,5.172888851350696,5.017177943341375,5.1731485879560495
0.05112,5.016775916593546,5.172866002820059,5.017139113163505,5.173123131639007
0.051192,5.01674414203462,5.172843536661727,5.0171009725648315,5.173098113703221
0.051264,5.016712910868606,5.172821446348942,5.017063509694574,5.173073526384093
0.051335999999999986,5.016682214269825,5.172799725419117,5.017026712967487,5.173049362000722
0.051408,5.0166520436151,5.172778367470194,5.0169905710645555,5.173025612952057
0.05148,5.016622390482009,5.172757366156922,5.016955072933802,5.17300227171197
0.051552,5.016593246644917,5.172736715187075,5.0169202077899415,5.172979330824853
0.051624,5.0165645652976885,5.172716408317786,5.016885917717995,5.17295678290146
0.051695999999999985,5.0165364199215094,5.172696439351731,5.016852291990501,5.172934620614171
0.051768,5.016508752297809,5.172676802133338,5.016819258679372,5.172912836692576
0.05184,5.016481555715999,5.172657490544974,5.0167868089705125,5.17289142391921
0.051911999999999986,5.0164548234362645,5.17263853449567,5.01675493403987,5.172870416908597
0.051984,5.01642854868563,5.17261990112319,5.016723625054603,5.172849777355405
0.05205599999999999,5.016402724653175,5.172601582999026,5.016692873171725,5.17282949652878
0.052128,5.0163773444841535,5.17258357481495,5.016662669540029,5.1728095681674615
0.0522,5.016352401098324,5.172565871315738,5.016633005072981,5.172789986078553
0.052271999999999985,5.016327884082624,5.172548467296086,5.016603866268004,5.172770744133751
0.052344,5.016303789047079,5.172531357597377,5.0165752473472764,5.172751836265126
0.052416,5.016280108967768,5.172514537104642,5.0165471392321885,5.17273325646213
0.052487999999999986,5.0162568367995926,5.1724980007432855,5.016519532835703,5.1727149987673355
0.05256,5.016233965473263,5.1724817434759265,5.0164924190628915,5.172697057272764
0.052632000000000005,5.016211487891567,5.172465760299269,5.016465788811433,5.172679426116295
0.052704,5.016189396924599,5.1724500462407486,5.016439632971381,5.172662099478073
0.052776,5.016167685404019,5.1724345963554414,5.016413942424962,5.172645071576306
0.052847999999999985,5.016146355940769,5.172419405722722,5.016388719947007,5.1726283366639105
0.05292,5.0161253952626526,5.172404469443045,5.01636394896541,5.172611889024627
0.052992,5.01610479639086,5.172389782634708,5.016339620610792,5.17259572296889
0.053063999999999986,5.016084552493433,5.172375340430444,5.016315726209422,5.172579832830593
0.053136,5.016064656719493,5.172361137974312,5.016292257081522,5.172564212963582
0.053208000000000005,5.016045102199515,5.172347170418157,5.016269204541166,5.17254885773666
0.05328,5.0160258820455645,5.172333432918469,5.016246559896349,5.17253376153119
0.053352,5.01600698935161,5.172319920632913,5.016224314449295,5.172518918736223
0.053423999999999985,5.015988435722936,5.172306628717024,5.01620248171976,5.172504323745698
0.053496,5.015970204512807,5.172293573657927,5.016181041313901,5.172489995436646
0.053568,5.015952287989411,5.1722807748871205,5.016159983569089,5.172475956015434
0.053639999999999986,5.015934679995518,5.172268193982214,5.016139300727916,5.172462161323262
0.053712,5.015917374355677,5.172255827159714,5.016118985028955,5.172448606974256
0.053784000000000005,5.015900364874844,5.172243670672192,5.01609902870559,5.17243528862843
0.053856,5.015883645336793,5.172231720806166,5.01607942398646,5.1724222019887724
0.053928,5.015867209502007,5.1722199738798915,5.0160601630958945,5.172409342799202
0.053999999999999986,5.015851069874588,5.172208426241196,5.01604126068245,5.172396706842069
0.054072,5.0158352125687635,5.172197074265272,5.016022699790669,5.172384289934819
0.054144000000000005,5.0158196290916415,5.17218591435249,5.0160044699581166,5.172372087928663
0.054215999999999986,5.015804314065796,5.172174942926191,5.015986564462301,5.17236009670502
0.054288,5.015789262100758,5.172164156430472,5.015968976576507,5.172348312173506
0.054360000000000006,5.015774467792994,5.17215355132794,5.01595169957148,5.172336730269267
0.054432,5.015759925725869,5.172143124097524,5.0159347267136845,5.1723253469505766
0.054504,5.015745630469376,5.1721328712321775,5.015918051266145,5.172314158195778
0.054575999999999986,5.015731595468808,5.172122789236652,5.0159016889543455,5.1723031600015945
0.054648,5.015717809224445,5.172112874625232,5.015885625816285,5.1722923483797345
0.054720000000000005,5.015704261966803,5.1721031239194515,5.015869849972896,5.172281719354796
0.054791999999999993,5.015690949000487,5.172093533645811,5.015854355593163,5.172271268961568
0.054864,5.015677865618785,5.1720841003334606,5.015839136843186,5.172260993242705
0.054935999999999985,5.015665007103591,5.172074820511928,5.015824187886879,5.172250888245945
0.055008,5.015652368725318,5.1720656907087665,5.015809502884805,5.172240950021256
0.05508,5.015639945742735,5.172056707447175,5.015795075995209,5.172231174619178
0.055151999999999986,5.015627733402823,5.1720479080273405,5.015780901373862,5.172221603950489
0.055224,5.015615738256336,5.172039268485436,5.015766986546291,5.172212210981417
0.055296000000000005,5.0156039613503465,5.1720307756442985,5.015753332514808,5.17220298084578
0.055368,5.015592388783634,5.172022426941251,5.015739922630812,5.172193910622869
0.05544,5.0155810165178965,5.172014219844783,5.015726751917963,5.1721849974291825
0.055511999999999985,5.015569840505913,5.172006151853174,5.015713815397405,5.172176238418245
0.055584,5.015558856691478,5.171998220493302,5.015701108088489,5.172167630778027
0.055656,5.015548061009486,5.1719904233192056,5.0156886250087,5.172159171730199
0.055727999999999986,5.0155374493858895,5.171982757910852,5.015676361173516,5.172150858528203
0.0558,5.015527017737671,5.171975221872895,5.015664311596207,5.172142688455793
0.055872000000000005,5.015516766548939,5.171967812833189,5.015652476666594,5.172134658825529
0.055944,5.015506706832375,5.1719605284416135,5.0156408691388155,5.172126766977364
0.056016,5.015496821958574,5.171953366368672,5.015629469287987,5.172119010277251
0.056087999999999985,5.015487108502118,5.171946324304167,5.015618272920684,5.172111386115055
0.05616,5.015477563030429,5.171939399955877,5.015607275842588,5.172103891903739
0.056232000000000004,5.015468182103697,5.171932591048236,5.015596473857442,5.17209652507744
0.056303999999999986,5.0154589622749945,5.1719258953209115,5.015585862767722,5.172089283089917
0.056376,5.015449900090234,5.171919310527531,5.015575438374594,5.172082163413539
0.056448000000000005,5.015440992088256,5.1719128344342735,5.015565196477576,5.172075163536982
0.05652,5.015432234800871,5.1719064648185125,5.015555132875365,5.172068280964095
0.056592,5.015423643011727,5.171900199467443,5.01554526469171,5.172061513212994
0.056663999999999985,5.015415201506538,5.171894036176695,5.015535573995454,5.172054857813288
0.056736,5.015406906727899,5.1718879778202895,5.015526056490373,5.172048317864851
0.056808000000000004,5.015398755762817,5.171882040682623,5.015516708639769,5.172041911158405
0.056879999999999986,5.0153907456925495,5.171876204247793,5.015507526905196,5.172035615144518
0.056952,5.015382873592613,5.1718704668091995,5.0154985077478536,5.172029427903285
0.057024,5.0153751365328185,5.1718648266855975,5.015489647627073,5.172023347544388
0.057096,5.015367531577236,5.1718592822202405,5.015480943001798,5.172017372206281
0.057168,5.015360055784312,5.171853831779997,5.015472390330089,5.172011500055262
0.057239999999999985,5.015352728868555,5.171848473754468,5.015464012387352,5.172005729284492
0.057312,5.015345540579913,5.1718432065552165,5.015455797123021,5.172000058112776
0.057384000000000004,5.015338479260763,5.17183802861478,5.015447730873815,5.171994484783767
0.057455999999999986,5.015331542345009,5.171832938385895,5.0154398105450015,5.171989007565154
0.057528,5.015324727261655,5.171827934340545,5.015432033041372,5.171983624747148
0.057599999999999985,5.01531803143496,5.171823014969152,5.015424395266455,5.171978334641646
0.057672,5.0153114522843305,5.171818178779668,5.015416894122942,5.171973135581909
0.057744000000000004,5.015304987224447,5.171813424296693,5.015409526513282,5.171968025920659
0.057815999999999985,5.01529863366518,5.171808750060598,5.015402289338836,5.17196300402936
0.057888,5.0152923890117505,5.171804154626644,5.015395179500311,5.171958068297395
0.057960000000000005,5.015286250664613,5.171799636564068,5.0153881938976,5.171953217131335
0.058031999999999986,5.015280216019549,5.1717951944552665,5.015381329430281,5.1719484489530725
0.058104,5.015274282467733,5.171790826894791,5.015374582996932,5.171943762199485
0.058175999999999985,5.015268447395619,5.171786532488543,5.015367951495384,5.171939155321599
0.058248,5.015262708185079,5.171782309852847,5.015361431823378,5.171934626782745
0.058320000000000004,5.015257075999744,5.1717781576135335,5.015355036769821,5.1719301750585815
0.058391999999999986,5.0152515707506105,5.1717740810337265,5.015348789180362,5.171925805733367
0.058464,5.015246162650642,5.171770077884276,5.01534265462088,5.171921516365313
0.058536000000000005,5.015240849622488,5.171766143235282,5.015336630616697,5.171917301624334
0.058607999999999986,5.015235629585166,5.1717622759371915,5.015330714692946,5.171913160230771
0.05868,5.015230500454172,5.171758474854975,5.015324904374106,5.171909090921818
0.058751999999999985,5.015225460141398,5.171754738867466,5.0153191971838895,5.17190509245071
0.058824,5.015220506555228,5.1717510668666336,5.015313590646103,5.171901163585919
0.058896000000000004,5.015215637600503,5.1717474577569185,5.01530808228351,5.171897303110438
0.058967999999999986,5.015210851178561,5.171743910454462,5.015302669619233,5.171893509821132
0.05904,5.015206145187247,5.171740423886416,5.01529735017504,5.171889782527127
0.059112,5.015201517520927,5.171736996990291,5.015292121473121,5.171886120050589
0.059184,5.0151969660704765,5.171733628713153,5.015286981034527,5.171882521224249
0.059256,5.015192488723392,5.171730318010962,5.015281926380571,5.171878984891687
0.059327999999999985,5.0151880833636415,5.171727063847858,5.015276955031789,5.171875509906232
0.0594,5.015183747871834,5.171723865195409,5.0152720645084825,5.17187209512983
0.059472000000000004,5.01517952237137,5.171720721031922,5.015267300658967,5.171868739432877
0.059543999999999986,5.015175374134585,5.171717630341728,5.0152626259513875,5.1718654416931775
0.059616,5.015171298588331,5.171714592114427,5.015258035096123,5.171862200794593
0.059688,5.015167294140213,5.17171160534418,5.015253526217214,5.171859015627493
0.05976,5.015163359195299,5.171708669029006,5.0152490974384305,5.171855885086504
0.059832,5.015159492156182,5.171705782170019,5.015244746883472,5.171852808070732
0.059903999999999985,5.015155691422946,5.171702943770722,5.015240472675342,5.1718497834828145
0.059976,5.015151955393182,5.171700153161804,5.015236272937287,5.1718468105819575
0.060048000000000004,5.015148282462056,5.171697418908594,5.01523214579194,5.171843898677077
0.060119999999999986,5.0151446710222185,5.171694732019014,5.015228089361682,5.17184103796504
0.060192,5.015141119463908,5.171692091672278,5.015224101769157,5.171838227540446
0.060263999999999984,5.015137626174883,5.17168949705491,5.015220181135955,5.171835466506839
0.060336,5.015134189540512,5.171686947360238,5.015216325584089,5.171832753975337
0.060408,5.015130807943684,5.171684441787853,5.0152125332350606,5.1718300890647
0.060479999999999985,5.015127479764909,5.171681979543017,5.015208802210303,5.171827470900359
0.060552,5.015124278469972,5.171679559836228,5.015205215919637,5.171824898613751
0.060624000000000004,5.015121079329325,5.171677181882517,5.015201632610002,5.171822371342105
0.060695999999999986,5.015117938609327,5.171674844900985,5.015198116172972,5.171819888227382
0.060768,5.015114854749091,5.171672548114245,5.015194664793491,5.17181744841596
0.060839999999999984,5.015111826213092,5.171670290747882,5.015191276688426,5.1718150510578935
0.060912,5.015108851491196,5.171668072029841,5.015187950105137,5.171812695306749
0.060984000000000003,5.01510592909874,5.171665891189934,5.015184683322734,5.171810380318013
0.061055999999999985,5.015103057576641,5.171663747459252,5.015181474651305,5.171808105249603
0.061128,5.015100235491382,5.171661640069608,5.015178322432075,5.1718058692606235
0.0612,5.0150974614351265,5.171659568253027,5.015175225038073,5.171803671510602
0.061271999999999986,5.015094734025778,5.17165753124109,5.0151721808727485,5.1718015111597575
0.061344,5.0150920519070254,5.1716555282644885,5.015169188371074,5.171799387367426
0.061415999999999984,5.015089413748397,5.171653558552365,5.015166245999748,5.171797299291968
0.061488,5.015086818245353,5.171651621331813,5.015163352256067,5.171795246090208
0.061560000000000004,5.015084264119313,5.171649715827323,5.015160505669331,5.171793226916305
0.061631999999999985,5.015081753805212,5.1716478501256615,5.015157708957114,5.1717912505657795
0.061704,5.015079303767223,5.17164602729783,5.015154980647518,5.171789320368418
0.061776,5.015076895726236,5.17164423682561,5.0151523000931295,5.171787424876534
0.061847999999999986,5.0150745288349565,5.1716424781270405,5.015149666311134,5.171785563454483
0.06192,5.0150722022825205,5.171640750622708,5.015147078361059,5.171783735469716
0.061991999999999985,5.015069915294604,5.171639053735384,5.015144535344168,5.171781940292621
0.062064,5.015067667133469,5.171637386889531,5.015142036404335,5.171780177295672
0.062136000000000004,5.015065457098028,5.171635749510912,5.015139580727956,5.171778445853008
0.062207999999999986,5.015063284523958,5.171634141026137,5.015137167543303,5.171776745340536
0.06228,5.015061148783713,5.17163256086224,5.015134796121393,5.17177507513439
0.062352,5.0150590492866245,5.171631008446251,5.015132465774825,5.171773434611668
0.062423999999999986,5.015056985478983,5.1716294832047325,5.015130175859222,5.171771823148843
0.062496,5.015054956844075,5.1716279845634245,5.015127925772298,5.171770240122335
0.062568,5.015052962902269,5.171626511946691,5.015125714953978,5.1717686849073585
0.06264,5.015051003211079,5.171625064777215,5.015123542886297,5.171767156877436
0.06271199999999999,5.0150490773652185,5.17162364247544,5.015121409094584,5.171765655404686
0.06278399999999999,5.0150471849967255,5.171622244459246,5.015119313144833,5.171764179858155
0.062856,5.015045325774942,5.171620870143425,5.0151172546470555,5.171762729604578
0.062928,5.015043499406623,5.171619518939292,5.015115233252351,5.1717613040070205
0.063,5.015041705636016,5.171618190254264,5.015113248654926,5.171759902424981
0.06307199999999999,5.01503994424491,5.171616883491322,5.015111300590972,5.171758524213318
0.06314399999999999,5.015038210979312,5.1716155980487235,5.015109384258997,5.171757168722613
0.063216,5.0150364914210215,5.171614333319433,5.015107483438929,5.171755835297934
0.063288,5.015034799981521,5.171613088690755,5.0151056143272115,5.171754523278954
0.06336,5.015033136302672,5.171611863543858,5.015103776507201,5.171753231998812
0.06343199999999999,5.015031500055189,5.171610657253353,5.0151019695950865,5.171751960784525
0.06350399999999999,5.015029890938659,5.171609469186836,5.015100193239492,5.17175070895558
0.063576,5.01502830868158,5.171608298704479,5.015098447121947,5.171749475824387
0.063648,5.015026753041408,5.171607145158488,5.015096730956541,5.171748260695052
0.06372,5.015025223804634,5.171606010590488,5.015095044489777,5.171747065759725
0.06379199999999999,5.015023720786836,5.171604919608786,5.015093387501171,5.171745917432725
0.06386399999999999,5.015022243832668,5.1716038479106565,5.015091759802485,5.1717447896121715
0.06393599999999999,5.015020792815953,5.171602795120037,5.015090161238475,5.171743681892896
0.06400800000000001,5.015019367639744,5.171601760862541,5.015088591686237,5.17174259387138
0.06408,5.015017968236356,5.171600744765287,5.015087051055777,5.171741525146061
0.064152,5.015016594567392,5.1715997464566215,5.0150855392893385,5.1717404753169305
0.06422399999999999,5.015015246623801,5.171598765565838,5.015084056362491,5.171739443985384
0.06429599999999999,5.015013924425953,5.1715978017230135,5.0150826022826305,5.171738430753749
0.064368,5.015012628023616,5.171596854558671,5.015081177090642,5.171737435224988
0.06444,5.0150113574960535,5.171595923703618,5.015079780859072,5.171736457002948
0.064512,5.015010112952057,5.17159500878863,5.015078413694192,5.171735495691388
0.06458399999999999,5.01500889452997,5.171594109444251,5.015077075734242,5.171734550894076
0.06465599999999999,5.015007694542912,5.1715932253005485,5.015075758401751,5.171733622214663
0.064728,5.0150064925374505,5.171592355986837,5.015074438915824,5.171732709256198
0.0648,5.015005311056347,5.1715915011314575,5.015073142381885,5.171731811621088
0.064872,5.015004149888221,5.171590660361513,5.015071868554447,5.171730928910113
0.06494399999999999,5.015003008836955,5.171589833302628,5.015070617204785,5.171730060723392
0.06501599999999999,5.015001887721783,5.171589019578701,5.015069388121575,5.171729206659073
0.065088,5.015000786377208,5.1715882188116815,5.015068181110777,5.171728366313712
0.06516,5.014999704653123,5.171587430621276,5.01506699599503,5.171727539281549
0.065232,5.014998642414781,5.171586654624721,5.015065832614642,5.17172672515434
0.065304,5.014997599542816,5.171585890436544,5.015064690826705,5.1717259235216995
0.06537599999999999,5.014996575933272,5.171585137668294,5.015063570505592,5.171725133969773
0.06544799999999999,5.014995571497675,5.171584395928346,5.015062471542768,5.171724356081984
0.06552000000000001,5.014994586162974,5.1715836648215365,5.015061393846964,5.171723589437939
0.065592,5.014993619871603,5.171582943949058,5.015060337343899,5.171722833613799
0.065664,5.014992672581535,5.171582232908099,5.015059301976748,5.1717220881819115
0.06573599999999999,5.014991744266224,5.171581531291628,5.015058287705315,5.1717213527101356
0.06580799999999999,5.0149908349146965,5.171580838688165,5.0150572945069865,5.17172062676202
0.06588,5.0149899445315445,5.1715801703102064,5.01505632237632,5.171719926450062
0.065952,5.014989073136921,5.171579518351427,5.015055371324629,5.17171924349885
0.066024,5.014988220766616,5.171578877380681,5.015054441380572,5.171718572152885
0.06609599999999999,5.01498738747198,5.171578247190715,5.015053532590341,5.1717179121914025
0.06616799999999999,5.014986567004269,5.171577627577003,5.015052638032569,5.171717263396542
0.06624,5.014985746832841,5.171577018337722,5.015051743850215,5.171716625553288
0.066312,5.014984941703339,5.171576419273574,5.015050866346946,5.1717159984496215
0.066384,5.014984151406637,5.1715758301877095,5.015050005284133,5.1717153818758606
0.06645599999999999,5.014983375739339,5.171575250885602,5.015049160429844,5.171714775625308
0.06652799999999999,5.014982614503821,5.171574681174926,5.015048331558845,5.1717141794933426
0.06659999999999999,5.0149818675082285,5.171574120865491,5.015047518451899,5.17171359327813
0.06667200000000001,5.014981134566465,5.171573569769093,5.015046720897134,5.171713016779749
0.06674400000000001,5.0149804154982345,5.171573027699408,5.0150459386884085,5.171712449800387
0.066816,5.014979710129023,5.1715724944718895,5.015045171626476,5.1717118921442085
0.06688799999999999,5.014979018290099,5.171571969903669,5.015044419518591,5.171711343617535
0.06695999999999999,5.0149783398185654,5.171571453813421,5.015043682178684,5.171710804028082
0.06703200000000001,5.0149776745573185,5.17157094602125,5.015042959426776,5.171710273185255
0.067104,5.014977022355079,5.171570446348612,5.015042251089998,5.171709750900178
0.067176,5.014976383066405,5.171569954618173,5.015041557001452,5.171709236985052
0.06724799999999999,5.01497575655166,5.171569470653731,5.015040877001546,5.171708731253711
0.06731999999999999,5.0149751426771125,5.171568994280029,5.0150402109358705,5.1717082335207225
0.067392,5.014974541314809,5.171568525322754,5.0150395586581595,5.1717077436022265
0.067464,5.014973952342704,5.171568063608341,5.015038920027446,5.171707261314695
0.067536,5.014973375644594,5.171567608963863,5.01503829491014,5.171706786475879
0.06760799999999999,5.01497281111015,5.171567161217005,5.015037683178513,5.171706318903967
0.06767999999999999,5.014972256202623,5.1715667201958135,5.015037082043178,5.171705858417585
0.06775199999999999,5.014971707127863,5.171566285728731,5.015036487338759,5.171705404836246
0.067824,5.014971168474702,5.171565857644367,5.015035904096241,5.171704957979351
0.067896,5.014970640047479,5.1715654357714556,5.015035332096135,5.171704517666484
0.067968,5.01497012165308,5.171565022313679,5.015034771122009,5.171704086185342
0.06803999999999999,5.014969613100957,5.171564619271828,5.015034220960479,5.1717036656115445
0.06811199999999999,5.014969114203121,5.171564222886996,5.015033681400843,5.171703252037025
0.06818400000000001,5.014968624774187,5.171563833054363,5.015033152235809,5.171702845350766
0.068256,5.01496814463128,5.171563449671181,5.015032633260927,5.17170244544379
0.068328,5.014967673594182,5.1715630726367054,5.01503212427454,5.171702052209325
0.06839999999999999,5.014967211485208,5.171562701852149,5.0150316250781595,5.1717016655427095
0.06847199999999999,5.01496675812926,5.1715623372205775,5.015031135476197,5.1717012853412765
0.06854400000000001,5.014966313353853,5.171561978646888,5.015030655276067,5.171700911504279
0.068616,5.014965876989078,5.1715616260376915,5.015030184288168,5.171700543933011
0.068688,5.014965448867635,5.171561279301235,5.015029722326039,5.171700182530211
0.06875999999999999,5.014965028824795,5.171560938347391,5.015029269205935,5.171699827200521
0.06883199999999999,5.0149646166984985,5.1715606030875465,5.015028824747277,5.171699477850131
0.06890399999999999,5.014964212329214,5.1715602734344985,5.015028388772301,5.171699134386846
0.068976,5.014963815560079,5.1715599493024405,5.015027961106569,5.17169879671978
0.069048,5.014963426236824,5.171559630606897,5.015027541578134,5.17169846475983
0.06911999999999999,5.014963044207804,5.171559317264578,5.015027130018494,5.171698138418704
0.06919199999999999,5.014962669283396,5.1715590091933965,5.015026726227584,5.171697817609775
0.06926399999999999,5.014962301274664,5.171558706312304,5.015026330006639,5.171697502247316
0.069336,5.014961940105911,5.171558408541308,5.015025941253452,5.1716971922467945
0.069408,5.014961585635215,5.171558115801366,5.015025559810672,5.1716968875246785
0.06948,5.0149612377232495,5.171557828014285,5.015025185523543,5.171696587998672
0.06955199999999999,5.014960896233316,5.171557545102675,5.015024818240813,5.171696293586631
0.06962399999999999,5.01496056103135,5.171557266989894,5.015024457813565,5.171696004207884
0.06969600000000001,5.01496023198591,5.171556993599936,5.015024104096634,5.171695719782122
0.069768,5.014959908968189,5.171556724857419,5.01502375694727,5.171695440229948
0.06984,5.0149595918520085,5.171556460687441,5.01502341622575,5.1716951654723005
0.06991199999999999,5.014959280513853,5.171556201015548,5.015023081795549,5.1716948954304796
0.06998399999999999,5.014958974832849,5.171555945767653,5.015022753522923,5.171694630026613
0.070056,5.014958674690747,5.171555694882355,5.015022431277108,5.171694369195291
0.070128,5.014958379971959,5.1715554489880144,5.015022114930317,5.171694113566842
0.0702,5.014958090563567,5.171555207400037,5.015021804357765,5.171693862447634
0.07027199999999999,5.0149578063552855,5.171554970052376,5.015021499437929,5.171693615767675
0.07034399999999999,5.014957527239522,5.171554736879295,5.015021200051696,5.171693373457324
0.07041599999999999,5.014957253111303,5.171554507815248,5.015020906083273,5.171693135447485
0.070488,5.01495698386837,5.17155428279484,5.015020617419679,5.171692901668751
0.07056,5.014956719411116,5.171554061752771,5.015020333951097,5.171692672052149
0.070632,5.014956459642593,5.171553844623776,5.015020055570579,5.171692446528609
0.07070399999999999,5.0149562044685325,5.171553631342472,5.015019782174062,5.171692225029017
0.07077599999999999,5.014955953797374,5.171553421843418,5.015019513660641,5.171692007484128
0.07084800000000001,5.0149557075402145,5.171553216060945,5.015019249932171,5.1716917938245555
0.07092000000000001,5.01495546561084,5.171553013929158,5.015018990893724,5.171691583980817
0.070992,5.014955227925744,5.171552815381796,5.015018736453056,5.171691377882674
0.07106399999999999,5.014954994404093,5.171552620352236,5.015018486521154,5.1716911754598796
0.07113599999999999,5.0149547649677455,5.171552428773387,5.015018241011871,5.17169097664147
0.07120800000000001,5.014954539541277,5.1715522405776015,5.0150179998419615,5.171690781355956
0.07128,5.014954317874546,5.171552055696676,5.015017762752968,5.171690589531336
0.071352,5.014954099705644,5.171551874061714,5.015017529474502,5.171690401095041
0.07142399999999999,5.014953885269474,5.171551695603059,5.015017300236603,5.171690215973417
0.07149599999999999,5.014953674497766,5.1715515202503175,5.015017074963827,5.171690034092247
0.07156799999999999,5.014953467324884,5.171551347932153,5.01501685358431,5.171689855376312
0.07164,5.014953263687824,5.17155117857633,5.015016636028848,5.171689679749272
0.071712,5.014953063526222,5.17155101210958,5.0150164222311195,5.171689507134181
0.07178399999999999,5.014952866782344,5.171550848457604,5.015016212127848,5.171689337452358
0.07185599999999999,5.01495267340113,5.171550687544869,5.015016005658345,5.1716891706244486
0.07192799999999999,5.014952483330133,5.171550529294713,5.015015802764975,5.171689006569656
0.07200000000000001,5.014952296519583,5.1715503736291515,5.015015603393228,5.171688845205793
