n,CNB I,CNB II
0,1.0728764751614568e-09,1.2507984707831122e-09
1,1.081592996556969e-09,1.2704020242211448e-09
2,1.090421051340031e-09,1.2914513983113382e-09
3,1.0993629716019453e-09,1.3141238558826178e-09
4,1.1084212097277097e-09,1.3386196929514827e-09
5,1.11759835833763e-09,1.3651629007476825e-09
6,1.1268971565441507e-09,1.3940094496029401e-09
7,1.1363205679192304e-09,1.4254425274417689e-09
8,1.1458717064527193e-09,1.4597855417856281e-09
9,1.155553998774558e-09,1.497400576716083e-09
10,1.1653710124041194e-09,1.538693717113864e-09
11,1.1753269498186282e-09,1.5841230817957311e-09
12,1.1854257114634672e-09,1.6342036337266096e-09
13,1.1956728000022474e-09,1.689513526716453e-09
14,1.2060723772503838e-09,1.7507010917977293e-09
15,1.2166316107067542e-09,1.8184945204613563e-09
16,1.2273561208546396e-09,1.893711452572259e-09
17,1.2382521709554336e-09,1.977268711597431e-09
18,1.2493320678363344e-09,2.0701932454016323e-09
19,1.260598372184966e-09,2.1736352596888973e-09
20,1.2720671242811352e-09,2.2888833812336673e-09
21,1.2837494373144384e-09,2.417380050172388e-09
22,1.2956538394697062e-09,2.560739155841195e-09
23,1.3078033206548006e-09,2.7207651892456623e-09
24,1.3202069873668583e-09,2.8994748201863453e-09
25,1.3328976664527739e-09,3.0991209257595675e-09
26,1.3458773586255444e-09,3.3222191527279265e-09
27,1.3591981074703893e-09,3.571577264465367e-09
28,1.3728761948047536e-09,3.850327686884268e-09
29,1.3869373784045502e-09,4.1619629800857625e-09
30,1.4014528130080901e-09,4.510375191204379e-09
31,1.4164389945704287e-09,4.899899403777418e-09
32,1.4319668703062875e-09,5.335362017991318e-09
33,1.4480887324873572e-09,5.822133832449511e-09
34,1.4649223042094554e-09,6.36618840235676e-09
35,1.48241173878885e-09,6.974166390715665e-09
36,1.5010012270701378e-09,7.653446253138151e-09
37,1.5200454597821706e-09,8.412222305533887e-09
38,1.5411852858890185e-09,9.259589906076986e-09
39,1.5619125320376396e-09,1.0205639500221358e-08
40,1.5865219503656149e-09,1.1261559630678038e-08
41,1.6096400915355618e-09,1.2439750727200866e-08
42,1.6380509528156482e-09,1.3753948760930487e-08
43,1.665459328781088e-09,1.5219362457741335e-08
44,1.6977995485879034e-09,1.6852820381694057e-08
45,1.7310073815986067e-09,1.867293657137037e-08
46,1.7696586804637257e-09,2.0700285770985745e-08
47,1.8088520969517506e-09,2.2957602510127143e-08
48,1.8561868825772195e-09,2.546998988225774e-08
49,1.905770358836025e-09,2.826515763628126e-08
50,1.960257199982515e-09,3.1373668839838084e-08
51,2.025932649337452e-09,3.482922897175991e-08
52,2.0932465349008835e-09,3.866896766789286e-08
53,2.1719774292753332e-09,4.2933800191082475e-08
54,2.263024821221513e-09,4.7668737840668276e-08
55,2.360541894179246e-09,5.292333964905546e-08
56,2.473443553663208e-09,5.875206514337337e-08
57,2.6043927498757823e-09,6.521480080544839e-08
58,2.7475200247264903e-09,7.237731599892208e-08
59,2.9125214414276447e-09,8.03118047371567e-08
60,3.103230678602549e-09,8.90975338632565e-08
61,3.3159588465963485e-09,9.882135652581916e-08
62,3.5597991834912495e-09,1.0957856877399335e-07
63,3.840319450501038e-09,1.214734885386042e-07
64,4.157965457281789e-09,1.3462037240086747e-07
65,4.520665167562608e-09,1.4914428855463396e-07
66,4.936374372908082e-09,1.6518192567690886e-07
67,5.4104537091486035e-09,1.8288285264521287e-07
68,5.951492340730025e-09,2.0241032452471823e-07
69,6.570007881995353e-09,2.23942726040052e-07
70,7.276438621390609e-09,2.476746705509406e-07
71,8.082851726081423e-09,2.738184374536892e-07
72,9.003519597036731e-09,3.0260546471616227e-07
73,1.005432374439065e-08,3.342878697595309e-07
74,1.125313372021524e-08,3.691402157698336e-07
75,1.2620347949934093e-08,4.074612939032979e-07
76,1.4179017133420088e-08,4.495760951791043e-07
77,1.5955113884014716e-08,4.95837916020494e-07
78,1.797799566757812e-08,5.466305866745565e-07
79,2.0280852779566228e-08,6.023708919971428e-07
80,2.290109854351895e-08,6.635111324930329e-07
81,2.5880856536435844e-08,7.305418699452068e-07
82,2.9267554903588362e-08,8.039948657489322e-07
83,3.3114571141459764e-08,8.844462010805784e-07
84,3.7481932883127743e-08,9.725196142803963e-07
85,4.243707494271556e-08,1.0688900526076493e-06
86,4.805568929228814e-08,1.174287447477539e-06
87,5.442267276034304e-08,1.2895007354820883e-06
88,6.163317960220921e-08,1.415382127206709e-06
89,6.979379750869218e-08,1.5528516383183992e-06
90,7.902382031407131e-08,1.702901898853382e-06
91,8.945663570807565e-08,1.8666032481722765e-06
92,1.0124126744529148e-07,2.0451091303420933e-06
93,1.145441182764478e-07,2.239661803771236e-06
94,1.295508635880506e-07,2.451598375648543e-06
95,1.4646847982491591e-07,2.68235717529143e-06
96,1.655274835939546e-07,2.9334844795731335e-06
97,1.869844462311101e-07,3.2066416024086822e-06
98,2.111247401600599e-07,3.503612361598393e-06
99,2.3826548439234776e-07,3.826310935802848e-06
100,2.687587775787648e-07,4.1767901236343144e-06
101,3.0299526801009837e-07,4.557250017149624e-06
102,3.414080389614771e-07,4.970047101509734e-06
103,3.844768160833638e-07,5.41770379185162e-06
104,4.3273255732713047e-07,5.902918418135532e-06
105,4.867624564590514e-07,6.428575667954736e-06
106,5.47215373138476e-07,6.997757496553723e-06
107,6.148077226088578e-07,7.613754512332671e-06
108,6.903298654648951e-07,8.28007784520759e-06
109,7.746530281303623e-07,9.000471503984917e-06
110,8.687367799720173e-07,9.778925227751685e-06
111,9.736371113793282e-07,1.0619687834841033e-05
112,1.09051516384748e-06,1.1527281071428298e-05
113,1.2206466415443846e-06,1.2506513960055505e-05
114,1.3654319407919876e-06,1.356249764666297e-05
115,1.5264070464284452e-06,1.4700660742599626e-05
116,1.7052552407027441e-06,1.5926765156025958e-05
117,1.9038196663385234e-06,1.7246922404677383e-05
118,2.1241167911169292e-06,1.8667610399646754e-05
119,2.3683508232296904e-06,2.0195690686982487e-05
120,2.6389291247018706e-06,2.1838426131274703e-05
121,2.93847867129289e-06,2.360349902217526e-05
122,3.2698636045745813e-06,2.5499029581710143e-05
123,3.636203926726546e-06,2.7533594846796287e-05
124,4.040895385112328e-06,2.971624789780897e-05
125,4.487630597946754e-06,3.205653740040167e-05
126,4.98042146437291e-06,3.456452742372792e-05
127,5.523622901871959e-06,3.7250817494238445e-05
128,6.121957953505398e-06,4.012656283996855e-05
129,6.78054430809015e-06,4.320349477575419e-05
130,7.5049222722059444e-06,4.649394117540002e-05
131,8.301084227945875e-06,5.001084697199549e-05
132,9.175505604428558e-06,5.3767794622861674e-05
133,1.0135177391670577e-05,5.777902447062546e-05
134,1.1187640212601828e-05,6.205945492688731e-05
135,1.2341019963472486e-05,6.662470239983252e-05
136,1.3604065037075757e-05,7.149110088190617e-05
137,1.4986185134592756e-05,7.667572110844804e-05
138,1.6497491653730306e-05,8.219638919302753e-05
139,1.8148839627532797e-05,8.807170463975253e-05
140,1.995187118138641e-05,9.432105762781094e-05
141,2.1919060480371038e-05,0.00010096464545807247
142,2.4063760122918178e-05,0.00010802348804667696
143,2.6400248915780374e-05,0.0001155194423453702
144,2.894378094348184e-05,0.0001234752155635855
145,3.171063583397637e-05,0.00013191437706252352
146,3.471817012148246e-05,0.0001408613687870397
147,3.798486958915345e-05,0.0001503415140968634
148,4.153040245561191e-05,0.00016038102485480162
149,4.537567324142121e-05,0.0001710070066258447
150,4.954287712877765e-05,0.00018224746183816175
151,5.405555460798608e-05,0.00019413129075351293
152,5.8938646208579394e-05,0.00020668829009301654
153,6.421854708194935e-05,0.00021994914916159122
154,6.992316116985485e-05,0.0002339454433135772
155,7.60819546710787e-05,0.00024870962460096216
156,8.272600849098565e-05,0.00026427500944565646
157,8.988806935368083e-05,0.0002806757631778594
158,9.760259922887327e-05,0.0002979468812834219
159,0.00010590582270168209,0.0003161241672057069
160,0.00011483577188395989,0.00033524420654987936
161,0.0001244323284440089,0.00035534433754127385
162,0.00013473726231211884,0.000376462617594045
163,0.0001457942666092537,0.0003986377858518328
164,0.0001576489883138321,0.0004219092215685329
165,0.0001703490541641702,0.0004463168982043623
166,0.00018394409127063231,0.00047190133312120255
167,0.00019848574190651515,0.0004987035327703954
168,0.00021402767193688077,0.0005267649332767421
169,0.0002306255723185615,0.0005561273363333114
170,0.00024833715310419095,0.0005868328403353568
171,0.00026722212936875086,0.0006189237666943928
172,0.0002873421984837767,0.0006524425812885061
173,0.00030876100814922387,0.0006874318110207274
174,0.00033154411460510413,0.0007239339554739871
175,0.0003557589304551966,0.0007619913936695995
176,0.0003814746615368513,0.0008016462859539806
177,0.00040876223229835163,0.0008429404710593842
178,0.00043769419914353443,0.0008859153584046289
179,0.00046834465124361295,0.0009306118157230464
180,0.0005007890983367867,0.0009770700521283887
181,0.0005351043450650814,0.0010253294967519342
182,0.000571368351456978,0.00107542867310764
183,0.0006096600791855709,0.0011274050693684263
184,0.0006500593232933819,0.001181295004759856
185,0.000692646529125701,0.001237133492303722
186,0.0007375025942701711,0.0012949540981711037
187,0.0007847086553702515,0.0013547887979284369
188,0.0008343458597545343,0.001416667829987987
189,0.0008864951218916043,0.0014806195466001756
190,0.0009412368647657305,0.0015466702627502673
191,0.000998650746351689,0.0016148441033490514
192,0.0010588153714601396,0.001685162849131675
193,0.0011218079893148558,0.0017576457817046922
194,0.0011877041773329414,0.001832309528203721
195,0.001256577511665523,0.0019091679060494883
196,0.001328499225167489,0.0019882317683114392
197,0.001403537853577892,0.0020695088502086048
198,0.0014817588708019305,0.0021530036172987886
199,0.0015632243142858187,0.0022387171159234786
200,0.0016479924015978384,0.0023266468264949054
201,0.0017361171394352003,0.0024167865202247675
202,0.0018276479263834987,0.002509126119907489
203,0.0019226291508836954,0.002603651565383171
204,0.0020210997859325328,0.0027003446843116732
205,0.002123092982189061,0.002799183068897447
206,0.0022286356612323675,0.0029001399592080415
207,0.0023377481107987826,0.0030031841337289688
208,0.0024504435839543476,0.003108279807798756
209,0.00256672790419318,0.0032153865405604603
210,0.002686599078572051,0.0033244591510604425
211,0.0028100469210140784,0.0034354476441145485
212,0.0029370526879969362,0.0035482971465470806
213,0.0030675887288727603,0.003662947854392562
214,0.0032016181531095565,0.003779334991629665
215,0.0033390945167530856,0.0038973887809936945
216,0.0034799615304248557,0.004017034427387848
217,0.0036241527911704116,0.004138192114383214
218,0.003771591540427867,0.00426077701426554
219,0.003922190450399725,0.004384699312049932
220,0.004075851441005834,0.004509864243847622
221,0.004232465529572439,0.004636172149923013
222,0.004391912715309676,0.004763518542739756
223,0.004554061900549452,0.004891794190241883
224,0.004718770850575794,0.005020885214569004
225,0.0048858861938012735,0.005150673206350322
226,0.00505524346384036,0.005281035354668348
227,0.005226667184913492,0.00541184459272424
228,0.005399971001825233,0.005542969759180194
229,0.005574957855576178,0.005674275775091643
230,0.005751420205464556,0.005805623836280917
231,0.005929140298326765,0.005936871620941247
232,0.00610789048533065,0.006067873512195142
233,0.006287433586499013,0.006198480835267323
234,0.006467523302912831,0.006328542108867601
235,0.006647904676263691,0.006457903310313862
236,0.006828314595193576,0.006586408153861602
237,0.007008482347569907,0.006713898381642528
238,0.007188130217596741,0.00684021406655228
239,0.007366974126372101,0.006965193926365876
240,0.007544724314258858,0.0070886756482998374
241,0.007721086063147513,0.007210496223183499
242,0.007895760456423357,0.007330492288345454
243,0.008068445174220463,0.0074485004782693905
244,0.008238835321260494,0.007564357782024245
245,0.008406624284360033,0.007677901906427272
246,0.008571504616440156,0.007788971643856346
247,0.008733168943679568,0.007897407243588742
248,0.00889131089222707,0.008003050785509924
249,0.00904562603072586,0.008105746555005322
250,0.00919581282472319,0.00820534141782296
251,0.009341573598902385,0.008301685193674364
252,0.009482615502940201,0.008394631027325489
253,0.00961865147670313,0.008484035755919791
254,0.009749401210410074,0.008569760271269641
255,0.00987459209534039,0.00865166987585423
256,0.009993960160636958,0.008729634631267085
257,0.010107250991754997,0.008803529697868765
258,0.010214220626132876,0.008873235664417443
259,0.010314636421712315,0.008938638866473168
260,0.010408277894020143,0.008999631692400017
261,0.010494937517627784,0.009056112875824656
262,0.010574421487939134,0.009107987773449192
263,0.010646550439417623,0.009155168627161103
264,0.010711160116550017,0.009197574809432809
265,0.010768101994050296,0.009235133051058483
266,0.010817243843045587,0.009267777650335077
267,0.010858470240237363,0.009295450662858614
268,0.01089168301730389,0.009318102071175186
269,0.010916801648113214,0.00933568993359791
270,0.010933763571615233,0.009348180511576789
271,0.010942524448617215,0.009355548375087706
272,0.010943058350980299,0.009357776485587834
273,0.01093535788212551,0.00935485625616928
274,0.010919434228091213,0.009346787588629224
275,0.010895317138761629,0.00933357888726219
276,0.010863054839227207,0.009315247049269506
277,0.010822713871640058,0.009291817431770537
278,0.010774378868252448,0.009263323795491217
279,0.010718152256734791,0.0092298082252941
280,0.01065415389918444,0.009191321027805247
281,0.010582520666609389,0.009147920606480986
282,0.010503405950998699,0.009099673314544024
283,0.010416979117416087,0.0090466532863047
284,0.010323424898848601,0.0089889422474659
285,0.010222942736855334,0.008926629305089149
286,0.010115746071307443,0.008859810717978157
287,0.01000206158276954,0.008788589648308158
288,0.009882128391296884,0.008713075895400334
289,0.009756197215633745,0.008633385612604884
290,0.009624529496944575,0.008549641008318424
291,0.009487396491402535,0.00846197003221721
292,0.009345078336037984,0.008370506047838925
293,0.00919786309238467,0.008275387492691386
294,0.00904604577248963,0.008176757527107621
295,0.008889927351921737,0.008074763673100895
296,0.008729813774406094,0.007969557444502479
297,0.00856601495268911,0.007861293969688763
298,0.00839884377022279,0.007750131608219508
299,0.008228615088144067,0.007636231562723386
300,0.008055644761945934,0.007519757487368366
301,0.007880248672124434,0.0074008750942565205
302,0.0077027417729162466,0.0072797517590747485
303,0.007523437163090785,0.007156556127320407
304,0.007342645182545302,0.007031457722403316
305,0.007160672538283671,0.006904626556900096
306,0.006977821463080967,0.006776232748209888
307,0.006794388909939708,0.006646446139824174
308,0.006610665785167078,0.006515435929385099
309,0.006426936222616972,0.006383370304662942
310,0.006243476901413028,0.006250416088534033
311,0.006060556409137787,0.0061167383939898625
312,0.005878434652200625,0.005982500290149985
313,0.005697362314817382,0.005847862480193459
314,0.005517580367720916,0.005712982992060713
315,0.0053393196274418,0.005578016882711649
316,0.0051628003667067305,0.005443115956659023
317,0.0049882319762143456,0.005308428499427259
318,0.004815812677770624,0.005174099026514142
319,0.004645729288496738,0.005040268048362501
320,0.004478157035567255,0.004907071851774986
321,0.004313259420679541,0.00477464229813189
322,0.004151188133212912,0.004643106638698569
323,0.003992083010847846,0.004512587347236452
324,0.003836072046150435,0.0043832019700585055
325,0.0036832714374967937,0.004255062993599402
326,0.0035337856824893157,0.004128277729500178
327,0.003387707711891,0.004002948217139707
328,0.003245119061943162,0.003879171143478191
329,0.0031060900828204243,0.0037570377800144918
330,0.00297068018086654,0.003636633936598107
331,0.002838938092178873,0.0035180399317763593
332,0.0027109021850255173,0.0034013305793041855
333,0.0025866007885402276,0.0032865751903896167
334,0.002466052545111984,0.003173837591199293
335,0.002349266783853222,0.0030631761551040936
336,0.0022362439125466443,0.002954643849101482
337,0.002126975825481468,0.0028482882938140604
338,0.0020214463246211217,0.0027441518364294893
339,0.0019196315515882668,0.0026422716359163667
340,0.0018215004280135887,0.0025426797598244563
341,0.0017270151018639545,0.0024454032919548866
342,0.0016361313974477144,0.0023504644501675994
343,0.0015487992668854326,0.0022578807135791206
344,0.0014649632409327428,0.002167664958391505
345,0.0013845628771560852,0.002079825601587992
346,0.0013075332035732824,0.001994366751726153
347,0.0012338051559873944,0.001911288366060314
348,0.001163306007374453,0.0018305864132277896
349,0.0010959597878084674,0.0017522530407416096
350,0.0010316876935437356,0.0016762767465408198
351,0.000970408483997128,0.001602642553863506
352,0.000912038865515599,0.0015313321887238096
353,0.0008564938609395719,0.0014623242592908354
354,0.00080368716410644,0.0013955944364902478
355,0.0007535314785623631,0.001331115635170716
356,0.0007059388398837253,0.00126885819520333
357,0.0006608209211237887,0.0012087900619084091
358,0.0006180893210202011,0.001150876965232752
359,0.0005776558347140502,0.001095082597130228
360,0.0005394327068341912,0.0010413687866291923
361,0.0005033328669056391,0.0009896956721024551
362,0.00046927014713702493,0.0009400218702883646
363,0.0004371594827276949,0.0008923046416441083
364,0.0004069170949219072,0.000846500051646979
365,0.0003784606571111104,0.0008025631276919876
366,0.00035170944435783435,0.0007604480112693417
367,0.0003265844667737608,0.0007201081051377622
368,0.0003030085872437934,0.0006814962152436651
369,0.00028090662403472015,0.0006445646871688632
370,0.00026020543887159,0.0006092655369217181
371,0.0002408340111001229,0.0005755505759180562
372,0.00022272349858389607,0.0005433715300288666
373,0.00020580728600887215,0.0005126801526014405
374,0.00019002102128653565,0.0004834283313889368
375,0.00017530264075893109,0.00045556818935095516
376,0.0001615923839174079,0.00042905217931365737
377,0.0001488327983491344,0.00040383317250281675
378,0.00013696873562383808,0.0003798645409863998
379,0.00012594733882783263,0.0003571002340854257
380,0.00011571802244174188,0.0003354948488325179
381,0.00010623244524617312,0.00031500369457607835
382,9.744447692272729e-05,0.0002955828518460435
383,8.931015899932226e-05,0.00027718922561304084
384,8.17876607665408e-05,0.0002597805930871594
385,7.483723076898671e-05,0.0002433156462158065
386,6.842114444993892e-05,0.00022775402905153347
387,6.250364850115993e-05,0.00021305637017083798
388,5.7050902441506124e-05,0.00019918431033378385
389,5.203091791926126e-05,0.00018610052558146802
390,4.7413496204535273e-05,0.00017376874597441847
391,4.3170164307172965e-05,0.00016215377017979248
392,3.927411012674833e-05,0.0001512214761185956
393,3.570011701102488e-05,0.0001409388278866366
394,3.2424498070042566e-05,0.00013127387916404623
395,2.9425030563777095e-05,0.00012219577332837965
396,2.6680890653159767e-05,0.00011367474048550917
397,2.4172588776516133e-05,0.00010568209163083562
398,2.188190588671922e-05,9.819021015068073e-05
399,1.979183075866947e-05,9.117254087046169e-05
400,1.7886498551861013e-05,8.46035768521469e-05
401,1.61511307894295e-05,7.845884413871886e-05
402,1.4571976892373379e-05,7.271488463821965e-05
403,1.313625738700712e-05,6.734923733401504e-05
404,1.1832108883184596e-05,6.234041800173601e-05
405,1.0648530902797809e-05,5.766789760669654e-05
406,9.575334620374916e-06,5.331207954863913e-05
407,8.603093561747946e-06,4.9254275913406244e-05
408,7.723096291884758e-06,4.5476682883699386e-05
409,6.927301109557355e-06,4.196235545350759e-05
410,6.2082927541488475e-06,3.869518158302644e-05
411,5.559241118754101e-06,3.5659855923163656e-05
412,4.973861953806377e-06,3.284185323089146e-05
413,4.446379536546594e-06,3.0227401588971672e-05
414,3.9714912737592626e-06,2.7803455535831124e-05
415,3.5443341984314704e-06,2.5557669203782157e-05
416,3.1604533149821088e-06,2.3478369556274628e-05
417,2.8157717427336453e-06,2.155452980754192e-05
418,2.506562603082427e-06,1.9775743100853793e-05
419,2.2294225923484965e-06,1.8132196514636407e-05
420,1.981247179617068e-06,1.66146454590023e-05
421,1.759207366742061e-06,1.521438851875187e-05
422,1.5607279462657688e-06,1.392324279267654e-05
423,1.383467192035416e-06,1.2733519773044815e-05
424,1.2252979168961435e-06,1.163800180345682e-05
425,1.084289831824289e-06,1.062991914786463e-05
426,9.586931412751663e-07,9.702927698437644e-06
427,8.469233102643798e-07,8.851087345140029e-06
428,7.475469397632249e-07,8.06884102534965e-06
429,6.59268688298627e-07,7.35099446762202e-06
430,5.809191791951988e-07,6.692696639746642e-06
431,5.114438346278083e-07,6.089420907587181e-06
432,4.498925795447671e-07,5.5369469078119085e-06
433,3.9541036052998677e-07,5.031343134509182e-06
434,3.472284267876632e-07,4.568950236847874e-06
435,3.0465632261691556e-07,4.1463650223504076e-06
436,2.6707454297228713e-07,3.7604251580172566e-06
437,2.339278059678399e-07,3.4081945594420636e-06
438,2.0471889845028406e-07,3.0869494561928947e-06
439,1.7900305302983558e-07,2.7941651200863944e-06
440,1.5638281719550333e-07,2.5275032415434e-06
441,1.3650337734746163e-07,2.2847999379696234e-06
442,1.1904830274092746e-07,2.0640543770507227e-06
443,1.0373567644218069e-07,1.8634179969657536e-06
444,9.031458244048469e-08,1.6811843048037812e-06
445,7.856192003830426e-08,1.5157792338996651e-06
446,6.827951854494702e-08,1.3657520403779783e-06
447,5.929152712549699e-08,1.2297667188953547e-06
448,5.144205640505947e-08,1.1065939173932543e-06
449,4.45930500937052e-08,9.951033306037516e-07
450,3.8622366482293815e-08,8.942565520805544e-07
451,3.342205116019572e-08,8.031003646462513e-07
452,2.889678372593027e-08,7.20760449346487e-07
453,2.4962482599869918e-08,6.464354932730581e-07
454,2.154505330750742e-08,5.793916769518993e-07
455,1.8579266782843003e-08,5.18957522382448e-07
456,1.6007755347560387e-08,4.645190832520865e-07
457,1.3780115054483555e-08,4.155154593289519e-07
458,1.185210404673323e-08,3.714346175492788e-07
459,1.0184927479298243e-08,3.3180950285745743e-07
460,8.744600380919648e-09,2.9621442242186606e-07
461,7.501380604024303e-09,2.6426168743128905e-07
462,6.429264722129338e-09,2.3559849727205371e-07
463,5.505540390945047e-09,2.099040514893229e-07
464,4.7103892942168855e-09,1.8688687554383077e-07
465,4.026535351462121e-09,1.662823469841909e-07
466,3.4389333750788746e-09,1.4785040926115393e-07
467,2.9344938318266466e-09,1.3137346101139272e-07
468,2.5018397912129754e-09,1.1665440923174542e-07
469,2.131092533693936e-09,1.0351487534805371e-07
470,1.813682647376229e-09,9.179354375421187e-08
471,1.5421837656813899e-09,8.13446429545957e-08
472,1.3101663925768997e-09,7.203654998574184e-08
473,1.1120695287965395e-09,6.375050931956357e-08
474,9.430880541114558e-10,5.637945795951154e-08
475,7.990740392220361e-10,4.98269489325087e-08
476,6.764503581267754e-10,4.400616585210015e-08
477,5.721351496808194e-10,3.883902168222157e-08
478,4.83475837161112e-10,3.425533526564419e-08
479,4.081915585638725e-10,3.019207959660421e-08
480,3.443229895256977e-10,2.6592696213302885e-08
481,2.9018865652363227e-10,2.340647046301147e-08
482,2.443469416151148e-10,2.0587962750682705e-08
483,2.0556307257162182e-10,1.8096491221459848e-08
484,1.727804748944254e-10,1.5895661648812858e-08
485,1.450959358459916e-10,1.3952940603503201e-08
486,1.2173809617346667e-10,1.223926826479096e-08
487,1.0204884345326916e-10,1.072870750468847e-08
488,8.546723268858631e-11,9.398126129299503e-09
489,7.151560561933885e-11,8.226909398843194e-09
490,5.978762077017643e-11,7.196700170571015e-09
491,4.993794212282216e-11,6.2911642169877744e-09
492,4.1673365958564256e-11,5.495778466266667e-09
493,3.474519333046634e-11,4.79764009312904e-09
494,2.8942680204117532e-11,4.185294557376168e-09
495,2.408741892076506e-11,3.648580844355105e-09
496,2.002852362052427e-11,3.178492307533301e-09
497,1.6638508914993284e-11,2.76705164866189e-09
498,1.3809765685971791e-11,2.407198696324623e-09
499,1.1451550649802785e-11,2.092689759583196e-09
500,9.487417479295622e-12,1.8180074405050157e-09
501,7.85302700821912e-12,1.5782798881427694e-09
502,6.4942825270396314e-12,1.369208567553879e-09
503,5.365743564112605e-12,1.1870037012067197e-09
504,4.429277968112677e-12,1.0283266171032048e-09
505,3.652917684059423e-12,8.902383086159034e-10
506,3.0098884521145226e-12,7.701535758313713e-10
507,2.4777878484063542e-12,6.658001775276431e-10
508,2.0378897125413123e-12,5.751824771880772e-10
509,1.6745561394869418e-12,4.9654911603961e-10
510,1.3747409177631166e-12,4.283642913536434e-10
511,1.1275706272287648e-12,3.6928225949374916e-10
512,9.239916172132554e-13,3.1812472074782754e-10
513,7.564728122465717e-13,2.7386077713519414e-10
514,6.187557757437279e-13,2.355891854045463e-10
515,5.056447344995466e-13,2.0252265559194195e-10
516,4.1283035736281997e-13,1.7397397102659556e-10
517,3.367420149081438e-13,1.4934372877772613e-10
518,2.744240449905702e-13,1.2810952043337835e-10
519,2.234322305868931e-13,1.0981639198268092e-10
520,1.8174727763715562e-13,9.406843861285036e-11
521,1.4770257585621278e-13,8.052140559449352e-11
522,1.1992394693551834e-13,6.887618026394269e-11
523,9.727944278182888e-14,5.887307255817745e-11
524,7.883756057381069e-14,5.0286792743982765e-11
525,6.383249932892242e-14,4.2922045025621425e-11
526,5.1635301134012336e-14,3.660966472203966e-11
527,4.172990502507132e-14,3.120323477403289e-11
528,3.3693297701531497e-14,2.657612456403357e-11
529,2.7179077112324522e-14,2.2618900488614166e-11
530,2.1903856122551858e-14,1.92370634915717e-11
531,1.763602709749902e-14,1.634907391204298e-11
532,1.4186487003490191e-14,1.3884628589787846e-11
533,1.1400988807352992e-14,1.1783159255182002e-11
534,9.153840504293799e-15,9.992524865956204e-12
535,7.342719673583145e-15,8.467873782869404e-12
536,5.8844104595878356e-15,7.17065454446255e-12
537,4.711302496426521e-15,6.067756544915908e-12
538,3.7685185499408735e-15,5.130764173239184e-12
539,3.0115603975456146e-15,4.335309967595058e-12
540,2.404381429261281e-15,3.660514103450203e-12
541,1.917810243581423e-15,3.0884990936155412e-12
542,1.528262645740308e-15,2.603969954682518e-12
543,1.2166903680648096e-15,2.1938513081721825e-12
544,9.677238881077067e-16,1.846973954077578e-12
545,7.689742274694574e-16,1.5538043956846915e-12
546,6.104648305505555e-16,1.306211622171689e-12
547,4.841697641536989e-16,1.0972661825260936e-12
548,3.836387269140996e-16,9.210672224008073e-13
549,3.036928633753088e-16,7.72593715006713e-13
550,2.401782676061029e-16,6.475766072317284e-13
551,1.8976644107290117e-16,5.42389031083936e-13
552,1.4979292695318206e-16,4.539521055651649e-13
553,1.181269513650567e-16,3.7965418165684e-13
554,9.306622191911625e-17,3.1728166897377133e-13
555,7.325211607146763e-17,2.649598318895361e-13
556,5.760137785227061e-17,2.2110216004908293e-13
557,4.525116635311968e-17,1.843671071275287e-13
558,3.5514891580806186e-17,1.5362115597078827e-13
559,2.784675664253481e-17,1.279073109515185e-13
560,2.1813319295482285e-17,1.0641824221268656e-13
561,1.7070706811415172e-17,8.847341384403011e-14
562,1.3346379165353773e-17,7.349962104723052e-14
563,1.0424547687264363e-17,6.101444184074012e-14
564,8.134528497846394e-18,5.0612178454899125e-14
565,6.341449652694476e-18,4.19519236917666e-14
566,4.938843983181674e-18,3.474743941448953e-14
567,3.842751091820303e-18,2.8758579074539e-14
568,2.9870258777063155e-18,2.3784024730828257e-14
569,2.3196106361767415e-18,1.9655142190794216e-14
570,1.799575889968479e-18,1.6230786431951184e-14
571,1.3947738621675031e-18,1.3392913971960396e-14
572,1.0799796807853728e-18,1.1042879892900746e-14
573,8.354204634398214e-19,9.098315266578137e-15
574,6.456125478629124e-19,7.490496185133218e-15
575,4.984432665134909e-19,6.162128832916288e-15
576,3.844465865100868e-19,5.065486351813799e-15
577,2.962322766427177e-19,4.160842921472149e-15
578,2.280365283429312e-19,3.4151587303980437e-15
579,1.753685565068904e-19,2.800976554346359e-15
580,1.347329690640064e-19,2.295496657889978e-15
581,1.0341188705417443e-19,1.879801842898129e-15
582,7.92941336526482e-20,1.5382088124298583e-15
583,6.074146299351926e-20,1.2577257109407289e-15
584,4.6483905807865544e-20,1.027598836839125e-15
585,3.5537979476646196e-20,8.389341830200892e-16
586,2.714283373522621e-20,6.843817151541596e-16
587,2.0710450862700994e-20,5.578722063080105e-16
588,1.578684740540584e-20,4.543980613818636e-16
589,1.2021878544903035e-20,3.6983092988930405e-16
590,9.145762182330399e-21,3.0077005840463595e-16
591,6.950846386561991e-21,2.4441630668868595e-16
592,5.277463883067885e-21,1.9846757148186855e-16
593,4.0029688908794576e-21,1.6103205257895714e-16
594,3.0332492489650408e-21,1.3055637695818132e-16
595,2.2961618277927442e-21,1.0576608534157367e-16
596,1.7364607374062e-21,8.561639598643092e-17
597,1.3118829704067277e-21,6.925150495087262e-17
598,9.901305059153293e-22,5.597097088836182e-17
599,7.465460067957444e-22,4.5201974375352006e-17
600,5.623245810763926e-22,3.6476444285798495e-17
601,4.231394162894145e-22,2.9412213073742594e-17
602,3.1808660821880083e-22,2.3697504314582365e-17
603,2.3887590259927437e-22,1.9078173964169754e-17
604,1.7921069086175607e-22,1.5347225298174162e-17
605,1.343135003140307e-22,1.2336199573246427e-17
606,1.0056321818349341e-22,9.908112783911776e-18
607,7.521803133251722e-23,7.951665726371195e-18
608,5.620405191707662e-23,6.376501814080619e-18
609,4.1954226046934173e-23,5.1093263077650255e-18
610,3.128569332445643e-23,4.090733155720952e-18
611,2.3306517971589137e-23,3.2726126041681426e-18
612,1.7344832154455852e-23,2.6160350654897063e-18
613,1.2895062816506526e-23,2.089525204983371e-18
614,9.577166348045137e-24,1.6676554762790147e-18
615,7.105757171020083e-24,1.3299009460564978e-18
616,5.266753698269017e-24,1.0597076538828593e-18
617,3.8997298597161145e-24,8.437353308766427e-19
618,2.8845924222153772e-24,6.712423660889023e-19
619,2.1315344829737736e-24,5.335867235377934e-19
620,1.5734675368119023e-24,4.2382129303327107e-19
621,1.1603266841564924e-24,3.3636608461006543e-19
622,8.547899134881857e-25,2.667428990692804e-19
623,6.290637520242831e-25,2.1136074966750342e-19
624,4.624722111062515e-25,1.6734247488897213e-19
625,3.3965020209354054e-25,1.323847542412724e-19
626,2.491913200672493e-25,1.0464518813557495e-19
627,1.8263679840548602e-25,8.265128692368582e-20
628,1.3372036201194397e-25,6.522718070190363e-20
629,9.780481291219915e-26,5.1434649794940943e-20
630,7.146211653105848e-26,4.052571819434034e-20
631,5.21607740281702e-26,3.190457519556998e-20
632,3.8033318726067466e-26,2.5097015865828386e-20
633,2.7703586654944716e-26,1.9725936678801363e-20
634,2.0158531498372198e-26,1.5491703347977958e-20
635,1.465319863543391e-26,1.215643559726861e-20
636,1.0640356257971903e-26,9.531438163914364e-21
637,7.71844159343822e-27,7.467156777124981e-21
638,5.593096706226855e-27,5.845158766516924e-21
639,4.048776651652736e-27,4.571735688910461e-21
640,2.92781496956619e-27,3.5728042918998296e-21
641,2.1150044211978722e-27,2.7898458187196936e-21
642,1.5262522121495328e-27,2.1766749991741027e-21
643,1.1002420402078784e-27,1.6968714218922147e-21
644,7.923126556895554e-28,1.3217392577884597e-21
645,5.699685666809828e-28,1.028688056500727e-21
646,4.095912752214841e-28,7.99948826035799e-22
647,2.9403260532107997e-28,6.215568509128947e-22
648,2.1085544143318843e-28,4.825465312570419e-22
649,1.5104911392922722e-28,3.7431460197895755e-22
650,1.0809239001326198e-28,2.90116956508408e-22
651,7.727075320447208e-29,2.2467138860005676e-22
652,5.517950228787963e-29,1.7384422928847684e-22
653,3.936248763225654e-29,1.3440337669110863e-22
654,2.804974628099563e-29,1.0382382143522756e-22
655,1.9967169050691223e-29,8.013464284079652e-23
656,1.419857385134201e-29,6.179873747923598e-23
657,1.0085864758738111e-29,4.7618360199705554e-23
658,7.156839119148456e-30,3.666100265737532e-23
659,5.0730434161568046e-30,2.820128147802128e-23
660,3.592151329788551e-30,2.167541801837976e-23
661,2.5408492551161893e-30,1.6645612657193562e-23
662,1.7953160521796937e-30,1.2772187358186645e-23
663,1.267185440680617e-30,9.79182175106624e-24
664,8.934622085054819e-31,7.500564790144548e-24
665,6.2928656313465066e-31,5.740585774935127e-24
666,4.4274788151513e-31,4.389850752578448e-24
667,3.1117148365278275e-31,3.354085470379083e-24
668,2.1846298174306486e-31,2.56052395909724e-24
669,1.5321108636059765e-31,1.953050321209592e-24
670,1.0733374824692066e-31,1.4884265707430092e-24
671,7.511309673595708e-32,1.1333663313976924e-24
672,5.25082814343641e-32,8.622667320444346e-25
673,3.6666731948952194e-32,6.554520143395746e-25
674,2.557692682944512e-32,4.978146117740001e-25
675,1.782197257688374e-32,3.7776468701268215e-25
676,1.2404918841062996e-32,2.8641883384513636e-25
677,8.625063914494806e-33,2.1697404993282385e-25
678,5.990463780609254e-33,1.6422510199096991e-25
679,4.1561172534895414e-33,1.2419277126095304e-25
680,2.8803405963928564e-33,9.38377615236285e-26
681,1.9940135117074163e-33,7.08407275408338e-26
682,1.3789230530312072e-33,5.343329385904237e-26
683,9.525310415939168e-34,4.026836052500465e-26
684,6.572716457432351e-34,3.032065109126049e-26
685,4.530402575590998e-34,2.281051946158336e-26
686,3.1192796651216986e-34,1.7145628509692404e-26
687,2.1453439716668322e-34,1.2876348665260506e-26
688,1.4738868240577923e-34,9.661679606132344e-27
689,1.0114755740094773e-34,7.243235753193195e-27
690,6.933782289152734e-35,5.42540539379339e-27
691,4.74797057223309e-35,4.060232016056086e-27
692,3.2476433274662613e-35,3.03590437111831e-27
693,2.218965757734885e-35,2.2680018194967224e-27
694,1.514447813986727e-35,1.6928414306914145e-27
695,1.0324735522993507e-35,1.2624268512814596e-27
696,7.031110774133238e-36,9.406167804214376e-28
697,4.7828724165536706e-36,7.002212194169819e-28
698,3.249922256611427e-36,5.208028459393204e-28
699,2.205849789894911e-36,3.8701380333313405e-28
700,1.4955369654022427e-36,2.873386675366528e-28
701,1.012828905415802e-36,2.1314526572942297e-28
702,6.85160322283728e-37,1.579686082703278e-28
703,4.629829178750151e-37,1.1697117730276115e-28
704,3.1250274523530547e-37,8.653651093174987e-29
705,2.1069696154384376e-37,6.396344304532447e-29
706,1.4189847704105123e-37,4.723628105491477e-29
707,9.54578568098701e-38,3.485222065049938e-29
708,6.414452077442626e-38,2.569186207272319e-29
709,4.305472759263187e-38,1.8922153253200084e-29
710,2.8866556275636453e-38,1.392370623025859e-29
711,1.9332205804813165e-38,1.0236416417807625e-29
712,1.293241395832479e-38,7.518813414834722e-30
713,8.641497135839969e-39,5.517704172720171e-30
714,5.7677846535861974e-39,4.045523514412463e-30
715,3.845379317721813e-39,2.9634508543337116e-30
716,2.560819003528014e-39,2.1688368277404282e-30
717,1.7034428835755527e-39,1.5858483192843966e-30
718,1.1318391374543647e-39,1.1585145603882384e-30
719,7.511898648150438e-40,8.4556285058124e-31
720,4.9799164401610735e-40,6.16586913168747e-31
721,3.2976241529479033e-40,4.4920665747345845e-31
722,2.1811546436848892e-40,3.2696479893399407e-31
723,1.4410445317601265e-40,2.3777062909758666e-31
724,9.50984466053319e-41,1.7274968569456314e-31
725,6.268649057064159e-41,1.2539425311081367e-31
726,4.1274178502549937e-41,9.093661074954834e-32
727,2.714477828757209e-41,6.588705752893881e-32
728,1.7831873338656154e-41,4.7693712856331726e-32
729,1.1700647178581413e-41,3.4492230170451246e-32
730,7.668748006081506e-42,2.4921833586879326e-32
731,5.020421123056329e-42,1.7990230609892196e-32
732,3.282890166739483e-42,1.2974509234797096e-32
733,2.144235622994476e-42,9.348502864711525e-33
734,1.3989043896184774e-42,6.729604687934596e-33
735,9.11595879963473e-43,4.8398605397925285e-33
736,5.933553874311449e-43,3.4775340448254666e-33
737,3.857669890058671e-43,2.496345100328532e-33
738,2.5051416409893223e-43,1.7903254502172536e-33
739,1.624934953677924e-43,1.282782173830628e-33
740,1.052774995300992e-43,9.18262507406623e-34
741,6.812875330120325e-44,6.567093962910506e-34
742,4.403723419946188e-44,4.6921456436172685e-34
743,2.843176049594608e-44,3.3493539666182835e-34
744,1.8335003761291882e-44,2.388588577289361e-34
745,1.1810035349898316e-44,1.7018129593990669e-34
746,7.598252853344e-45,1.2113563003035694e-34
747,4.882789951599795e-45,8.614320116711372e-35
748,3.1341047167808514e-45,6.120100658822326e-35
749,2.00932194556841e-45,4.34394185234258e-35
750,1.286694716152407e-45,3.080326443822695e-35
751,8.229830168446735e-46,2.1822083350308452e-35
752,5.257690211020571e-46,1.544478340230091e-35
753,3.354959452622194e-46,1.092076342532039e-35
754,2.138292517406792e-46,7.714524439765242e-36
755,1.3612375148609593e-46,5.444396158130659e-36
756,8.655398118393976e-47,3.838610908030135e-36
757,5.497002388920305e-47,2.7038444014852282e-36
758,3.486983808420118e-47,1.9027070990796487e-36
759,2.209319128654603e-47,1.337655355872417e-36
760,1.3981407028780415e-47,9.395026027201672e-37
761,8.837442392800475e-48,6.592233939616085e-37
762,5.579367745010185e-48,4.621122795193218e-37
763,3.518239796491832e-48,3.2362501757974712e-37
764,2.21588555121843e-48,2.264205017440284e-37
765,1.39395910854429e-48,1.582588098122081e-37
766,8.758564660196346e-49,1.1050907102617196e-37
767,5.4966163100369136e-49,7.709127811653266e-38
768,3.445377829283398e-49,5.372658624000892e-38
769,2.1570321203763644e-49,3.7406693912037894e-38
770,1.3488202184427684e-49,2.601865717031354e-38
771,8.424198488069601e-50,1.8079869776305577e-38
772,5.255082675496154e-50,1.255104756708883e-38
773,3.2742084214862084e-50,8.704389195146374e-39
774,2.0375499412505848e-50,6.030726923402623e-39
775,1.2664403561355998e-50,4.174201886792339e-39
776,7.862037689501217e-51,2.8863503531429856e-39
777,4.874822027386572e-51,1.9938653906340593e-39
778,3.0189438244360436e-51,1.3759834172219865e-39
779,1.8673394884471084e-51,9.486380095832588e-40
780,1.1536202487728111e-51,6.533669761533279e-40
781,7.11824865489654e-52,4.495547093237733e-40
782,4.3868571087543385e-52,3.0901247570548418e-40
783,2.7002453343058016e-52,2.121958765371339e-40
784,1.6600520796323198e-52,1.455675943911635e-40
785,1.0193147390997089e-52,9.976051425788139e-41
786,6.251184904420688e-53,6.829961141529226e-41
787,3.8289807450913443e-53,4.671353508322788e-41
788,2.342449087792014e-53,3.1917697167885493e-41
789,1.4312734729522766e-53,2.178632837354491e-41
790,8.734537404461031e-54,1.4855921084147442e-41
791,5.323795446995987e-54,1.011993043802703e-41
792,3.240905104197083e-54,6.886796279421352e-42
793,1.97048942427975e-54,4.681856184452965e-42
794,1.1965864368638021e-54,3.179650478524423e-42
795,7.257307927019343e-55,2.1572502767723947e-42
796,4.396103045978737e-55,1.4621127824880527e-42
797,2.6596246265990593e-55,9.899648091866183e-43
798,1.6070608599564166e-55,6.696016764689542e-43
799,9.69846773610547e-56,4.5244995500519e-43
800,5.845640114942047e-56,3.054085246138872e-43
801,3.5189937449572127e-56,2.0594331285833277e-43
802,2.115737128756541e-56,1.3872972073792564e-43
803,1.2704601059553961e-56,9.335679835060304e-44
804,7.619312514898013e-57,6.275904793655397e-44
805,4.5637861731907603e-57,4.2146357131582046e-44
806,2.7301647210836775e-57,2.827459382647679e-44
807,1.6311946428779657e-57,1.8948929407184567e-44
808,9.733642861812616e-58,1.2685987681869789e-44
809,5.800921957737442e-58,8.484270943186778e-45
810,3.452788209862961e-58,5.668324950736108e-45
811,2.0525486759512117e-58,3.783068839209564e-45
812,1.2186160737883771e-58,2.5222165440940705e-45
813,7.2258601792687336e-59,1.679842025482155e-45
814,4.2791816254806045e-59,1.1176396047111838e-45
815,2.5309274735537176e-59,7.428167947572334e-46
816,1.4950158293354767e-59,4.931823838918742e-46
817,8.819790877775875e-60,3.2709855395397786e-46
818,5.196566438864895e-60,2.1671762682945447e-46
819,3.057874600081878e-60,1.4343452713269247e-46
820,1.7970788780700986e-60,9.48323134968917e-47
821,1.0547709905163882e-60,6.263274784164559e-47
822,6.182897815117808e-61,4.1322669975190286e-47
823,3.619662683203647e-61,2.723431020724575e-47
824,2.1163405526347417e-61,1.7930185642159616e-47
825,1.2357872487438532e-61,1.179214732929252e-47
826,7.206789662059149e-62,7.747115175769962e-48
827,4.19738921517629e-62,5.0842328675560706e-48
828,2.4414912434763435e-62,3.3331008768641914e-48
829,1.418302623330904e-62,2.182772031648378e-48
830,8.228481918046112e-63,1.4279220350927775e-48
831,4.767677593247461e-63,9.331169857831455e-49
832,2.758859946218119e-63,6.091194528019338e-49
833,1.594363374020832e-63,3.971942076474275e-49
834,9.201933876520987e-64,2.5872398561925677e-49
835,5.304009740658073e-64,1.68346120635993e-49
836,3.053248717375487e-64,1.0942119394465026e-49
837,1.7553025234082054e-64,7.104458510027656e-50
838,1.0077967429322638e-64,4.607772100599843e-50
839,5.778622937795793e-65,2.9852503058012474e-50
840,3.309066152360099e-65,1.9319662666383335e-50
841,1.8924110578802142e-65,1.2489545267129093e-50
842,1.0808207864904928e-65,8.065314078167121e-51
843,6.164804798480563e-66,5.2026280917924656e-51
844,3.511653402641091e-66,3.352357955982878e-51
845,1.9976981894837997e-66,2.1577611037576355e-51
846,1.1349409427272161e-66,1.3873338062101716e-51
847,6.439335379489089e-67,8.910097846276952e-52
848,3.648652115141151e-67,5.7161962579187336e-52
849,2.064651392884209e-67,3.663145761133027e-52
850,1.1667642303826944e-67,2.3448924840408712e-52
851,6.58477296805762e-68,1.4993830174772414e-52
852,3.711240163595116e-68,9.576843925546672e-53
853,2.0888973237000072e-68,6.110146874770971e-53
854,1.1741785203523303e-68,3.894032345016854e-53
855,6.591274445882398e-69,2.4789363079894803e-53
856,3.6950651833610626e-69,1.5763343304622415e-53
857,2.0686712362117516e-69,1.0012619021802964e-53
858,1.1565827906400717e-69,6.352763382293413e-54
859,6.457688135598186e-70,4.0261739486909687e-54
860,3.600739575037899e-70,2.548804292495754e-54
861,2.005025351389553e-70,1.611735523293386e-54
862,1.1149637381151028e-70,1.0180371554907291e-54
863,6.191751834147739e-71,6.423108672668241e-55
864,3.4338195265976855e-71,4.047975980865373e-55
865,1.9017425208017293e-71,2.548242902198885e-55
866,1.0518056338435273e-71,1.6023344870305402e-55
867,5.809355977639047e-72,1.006408315884649e-55
868,3.204264813960646e-72,6.313979242424224e-56
869,1.764964273193645e-72,3.95675531314046e-56
870,9.708446295884063e-73,2.476746525517489e-56
871,5.332968637137191e-73,1.548565090714342e-56
872,2.925452122660853e-73,9.671238852157502e-57
873,1.60258403243463e-73,6.033074688489769e-57
874,8.767013174974815e-74,3.759226089765811e-57
875,4.789439779988987e-74,2.339701984654559e-57
876,2.61287817182801e-74,1.4545350569034543e-57
877,1.4234891595777681e-74,9.032096969621247e-58
878,7.744420015510287e-75,5.602126790757831e-58
879,4.2074845857303916e-75,3.4706946953418555e-58
880,2.2827283665847633e-75,2.147722743572441e-58
881,1.2367535609402876e-75,1.3275091831260965e-58
882,6.691269119006164e-76,8.19584149990793e-59
883,3.615175449254388e-76,5.054118846490542e-59
884,1.9504955877390356e-76,3.11309527324753e-59
885,1.0508831585672423e-76,1.9152859171540975e-59
886,5.654014416521559e-77,1.1769777044643573e-59
887,3.037746722353851e-77,7.224294600707612e-60
888,1.6298120652589584e-77,4.4290891502295927e-60
889,8.732004681562419e-78,2.712216336423949e-60
890,4.671754347275412e-78,1.6589157519083886e-60
891,2.4959437001817417e-78,1.013476298030527e-60
892,1.331611257372379e-78,6.184310489528875e-61
893,7.094260858782331e-79,3.769264012502101e-61
894,3.7741834454110095e-79,2.294608354121014e-61
895,2.0050450937929707e-79,1.3952321571020698e-61
896,1.0636768307816313e-79,8.473628710132904e-62
897,5.63480377243853e-80,5.140159315434807e-62
898,2.9807843668216576e-80,3.114347517951789e-62
899,1.574577749647407e-80,1.8846905463346106e-62
900,8.305744481531988e-81,1.1391860595803857e-62
901,4.374949502563088e-81,6.877491158247288e-63
902,2.301159164662599e-81,4.1471078137948933e-63
903,1.2086443315768512e-81,2.4976964246877975e-63
904,6.339101944176587e-82,1.502491940912954e-63
905,3.319964302994013e-82,9.027384748613077e-64
906,1.736259588513587e-82,5.4173660670669214e-64
907,9.067145107909303e-83,3.2470574092212175e-64
908,4.728247910000112e-83,1.9438664605560445e-64
909,2.4620834695852765e-83,1.1622958315234199e-64
910,1.2801983358110132e-83,6.9412844977939336e-65
911,6.64695575148185e-84,4.140330734070142e-65
912,3.446183893384541e-84,2.4666149538011203e-65
913,1.7841169748280422e-84,1.4677021503681105e-65
914,9.223091159233586e-85,8.722557715745781e-66
915,4.7609876582917426e-85,5.177477582858049e-66
916,2.4540537239172788e-85,3.0694471311786957e-66
917,1.2630967179243894e-85,1.8174762333021543e-66
918,6.491629860574895e-86,1.0748381468522437e-66
919,3.3314596912236634e-86,6.348662543576095e-67
920,1.7071752813267544e-86,3.74528908981501e-67
921,8.735413460343308e-87,2.2067415148030536e-67
922,4.463234228355567e-87,1.2986128238327253e-67
923,2.2770670136479405e-87,7.63254006569438e-68
924,1.1600078277689618e-87,4.480420345695002e-68
925,5.90070706486523e-88,2.6268045944238256e-68
926,2.997120934041727e-88,1.5381375888923775e-68
927,1.5200595524478698e-88,8.995391843116318e-69
928,7.697897189268185e-89,5.254138741846964e-69
929,3.8925824379262734e-89,3.065057328489567e-69
930,1.965426369258303e-89,1.7857898239939767e-69
931,9.908958753353985e-90,1.0391442089210303e-69
932,4.988277183238419e-90,6.039126009584749e-70
933,2.5073991822108938e-90,3.505292040783183e-70
934,1.2584783636528047e-90,2.0320070848801055e-70
935,6.306906928429407e-91,1.1764573094270232e-70
936,3.155981923609687e-91,6.802618486666027e-71
937,1.5768813839430655e-91,3.92847584650164e-71
938,7.866997174693315e-92,2.2657872475257296e-71
939,3.918893158417345e-92,1.3051495357713384e-71
940,1.9492220817726857e-92,7.508385380455217e-72
941,9.68058712612924e-93,4.3139688462851386e-72
942,4.800467706229805e-93,2.4754299849265923e-72
943,2.376872499911032e-93,1.4186214019721625e-72
944,1.1750807057711494e-93,8.119393806814622e-73
945,5.800533973291955e-94,4.64110036861609e-73
946,2.8589444352756673e-94,2.6494613335031116e-73
947,1.4069540148669866e-94,1.5105409148523358e-73
948,6.913365602164996e-95,8.600915705282842e-74
949,3.391825963687274e-95,4.89094957797469e-74
950,1.6615407193484147e-95,2.7776465275645672e-74
951,8.126822714978797e-96,1.5754153351301499e-74
952,3.968824754347153e-96,8.92373063376655e-75
953,1.9352334805122165e-96,5.048125262227469e-75
954,9.421804529966398e-97,2.8519707643070524e-75
955,4.579974375620856e-97,1.6091268378449755e-75
956,2.2228963010556407e-97,9.067023330924738e-76
957,1.0772128139702703e-97,5.10231672898181e-76
958,5.212054211717148e-98,2.867459534718884e-76
959,2.5179111022558424e-98,1.609360574807246e-76
960,1.2144925715420943e-98,9.02058212716658e-77
961,5.848860689491618e-99,5.049401276147174e-77
962,2.812344870428932e-99,2.8227231405043855e-77
963,1.3501614236266529e-99,1.5758639466868237e-77
964,6.471747554418136e-100,8.785978795702076e-78
965,3.097241890965198e-100,4.891944607378385e-78
966,1.479944028058702e-100,2.720143464672103e-78
967,7.060427358997386e-101,1.5104972382639646e-78
968,3.36303308558625e-101,8.376543556097393e-79
969,1.599354214163804e-101,4.639012009047643e-79
970,7.593997661620567e-102,2.565670079494877e-79
971,3.600041020834313e-102,1.417064840639935e-79
972,1.7039409322821601e-102,7.81611906104992e-80
973,8.052127080018185e-103,4.305306418733665e-80
974,3.7990464374638566e-103,2.3682489140676555e-80
975,1.7895563427835426e-103,1.3009479656353004e-80
976,8.416312154001923e-104,7.136753900001618e-81
977,3.9518719635535496e-104,3.90974689499982e-81
978,1.8526242872901823e-104,2.138959700883218e-81
979,8.671099685293345e-105,1.1685882171695985e-81
980,4.051932671537619e-105,6.375646761256008e-82
981,1.8903853850780646e-105,3.4736793992222844e-82
982,8.80516383695864e-106,1.889978461678065e-82
983,4.0947025372748363e-106,1.0268913692555201e-82
984,1.9010956272078108e-106,5.5717492926535825e-83
985,8.812134483675717e-107,3.01895699830922e-83
986,4.0780511948055965e-107,1.6335012261176671e-83
987,1.8841587260710394e-107,8.826287221990514e-84
988,8.691093095456663e-108,4.762462543464532e-84
989,4.002416364095891e-108,2.566131361583687e-84
990,1.8401783515865923e-108,1.3807620910943387e-84
991,8.446682963253495e-109,7.41908498301773e-85
992,3.8707928297762657e-109,3.9808170075086636e-85
993,1.7709241022729668e-109,2.1329629581816012e-85
994,8.088818327416087e-110,1.1412544741149852e-85
995,3.6885370248328806e-110,6.0977357373133986e-86
996,1.6792136793950458e-110,3.2534225535917345e-86
997,7.632017258679194e-111,1.7333926585525816e-86
998,3.463004832904877e-111,9.222249609851634e-87
999,1.5687221569080258e-111,4.899582361353902e-87
1000,7.0944207948485575e-112,2.5993355616224937e-87
1001,3.203056774229597e-112,1.3770368192830177e-87
1002,1.4437363821515962e-112,7.284629917693171e-88
1003,6.496591008114722e-113,3.84810562350015e-88
1004,2.918477165616339e-113,2.0298448103180361e-88
1005,1.3088774977504684e-113,1.0691874531835851e-88
1006,5.8601996080132215e-114,5.6236572077922604e-89
1007,2.6193606324298993e-114,2.9536334177689847e-89
1008,1.1688167625537987e-114,1.54905167550103e-89
1009,5.206724277170992e-115,8.112329238215545e-90
1010,2.3155198219376436e-115,4.242231509712674e-90
1011,1.028009094734262e-115,2.2151904927863647e-90
1012,4.5562620449923595e-116,1.1550332471035327e-90
1013,2.0159625589564855e-116,6.013722138631579e-91
1014,8.904653103919968e-117,3.126485830425714e-91
1015,3.926549381774663e-117,1.6230525089983192e-91
1016,1.7284760727890146e-117,8.413378640574667e-92
1017,7.595784963795838e-118,4.354806005205455e-92
1018,3.33225062777405e-118,2.2507458459281964e-92
1019,1.4593420125873592e-118,1.1615612460391529e-92
1020,6.380131943453318e-119,5.985694201035613e-93
1021,2.7845440727380656e-119,3.0799412381487214e-93
1022,1.2131907832813236e-119,1.5824302002561355e-93
1023,5.276590401827846e-120,8.118198216514061e-94
1024,2.2910028991670077e-120,4.1585930200703654e-94
1025,9.929892907029267e-121,2.127078858011354e-94
1026,4.2964409960874475e-121,1.0863502753582398e-94
1027,1.8557402474653776e-121,5.5399263995038086e-95
1028,8.001441813955591e-122,2.8208802240387088e-95
1029,3.443980809550584e-122,1.4342026959436221e-95
1030,1.479766781031455e-122,7.2808210579001494e-96
1031,6.346942619857422e-123,3.690564566731711e-96
1032,2.7175233296142424e-123,1.8678696845821712e-96
1033,1.1614969121820705e-123,9.439311940090646e-97
1034,4.9556150272552404e-124,4.762914450760316e-97
1035,2.1106218760720064e-124,2.3996205653690245e-97
1036,8.973364842161163e-125,1.2071142882979423e-97
1037,3.8082975436293076e-125,6.063018470672169e-98
1038,1.6133764386650535e-125,3.0406241255642564e-98
1039,6.822891558907046e-126,1.522539549361277e-98
1040,2.8802340013093424e-126,7.612110394359241e-99
1041,1.2137024899042798e-126,3.799888629633847e-99
1042,5.105290905568605e-127,1.8939329208834405e-99
1043,2.1436364627207984e-127,9.425076593014643e-100
1044,8.98468331127612e-128,4.683067131996445e-100
1045,3.7590145651887264e-128,2.323270105058932e-100
1046,1.569869076271372e-128,1.1507777871469134e-100
1047,6.544397084792669e-129,5.6912058887431546e-101
1048,2.7232732300748825e-129,2.81019718716265e-101
1049,1.1311670287372761e-129,1.3854395072701622e-101
1050,4.690020919371215e-130,6.819542123004384e-102
1051,1.9410374405237038e-130,3.351493138902719e-102
1052,8.018676634227268e-131,1.6445061894028358e-102
1053,3.306585081301959e-131,8.056480005624071e-103
1054,1.3610167546443436e-131,3.9406365149644934e-103
1055,5.5918119463263173e-132,1.9244082812362515e-103
1056,2.293218851146404e-132,9.382885602491849e-104
1057,9.387303219312467e-133,4.567542037536221e-104
1058,3.835633642701486e-133,2.2199038780589565e-104
1059,1.5643461193059299e-133,1.0771838264624237e-104
1060,6.368344630035091e-134,5.218528531686372e-105
1061,2.5877168930114294e-134,2.524105051595255e-105
1062,1.0495471886203365e-134,1.2188954365337829e-105
1063,4.248940884716095e-135,5.876566673099623e-106
1064,1.716925370226776e-135,2.8286394959545926e-106
1065,6.92488636700589e-136,1.3593358476069827e-106
1066,2.787808108335992e-136,6.521833214470449e-107
1067,1.1202129205940651e-136,3.1239556786856153e-107
1068,4.492873906516653e-137,1.4939318922930356e-107
1069,1.7985905454264882e-137,7.132569131347514e-108
1070,7.186596654674774e-138,3.399765227446817e-108
1071,2.8661280153261996e-138,1.6178494200907315e-108
1072,1.1409003148449012e-138,7.686205271072487e-109
1073,4.532920123796211e-139,3.6456002430282426e-109
1074,1.7975671598376145e-139,1.726266181251943e-109
1075,7.114875635193394e-140,8.160684618907149e-110
1076,2.810755443677674e-140,3.85144761770393e-110
1077,1.1082833053594252e-140,1.8146731609145183e-110
1078,4.3616310315474494e-141,8.535879970004476e-111
1079,1.7132307901519322e-141,4.008409507433611e-111
1080,6.716608552893918e-142,1.8791792133612056e-111
1081,2.6281480456741326e-142,8.794984406590067e-112
1082,1.0263928725239094e-142,4.1093310038323947e-112
1083,4.000735420819597e-143,1.9167910195818966e-112
1084,1.5564200557243426e-143,8.925743540691277e-113
1085,6.043283442973739e-144,4.149334436719164e-113
1086,2.3419447067483653e-144,1.9256407540186336e-113
1087,9.058081006421655e-145,8.921405452657703e-114
1088,3.4966326579125874e-145,4.126205444525135e-114
1089,1.3471514242496715e-145,1.9051376312703226e-114
1090,5.180047699552755e-146,8.781286956762979e-115
1091,1.987926756628866e-146,4.040588762389707e-115
1092,7.614030386845925e-147,1.8560264383398257e-115
1093,2.9105479749916594e-147,8.510891196645036e-116
1094,1.1103992654167111e-147,3.895970278746058e-116
1095,4.2279138264829874e-148,1.7803454710254878e-116
1096,1.6066228868460362e-148,8.121557340965114e-117
1097,6.093136818307702e-149,3.6984440258165506e-117
1098,2.3062445621777815e-149,1.6812868105943617e-117
1099,8.711752346413811e-150,7.629672410796756e-118
1100,3.2842763370183734e-150,3.4562854945224026e-118
1101,1.2356803485739392e-150,1.5629721995328235e-118
1102,4.639841340106059e-151,7.055521406407224e-119
1103,1.7387170676346622e-151,3.179372927051098e-119
1104,6.502520806158927e-152,1.4301665027202386e-119
1105,2.4269446485835777e-152,6.421888654889212e-120
1106,9.039856051508825e-153,2.8785133028435004e-120
1107,3.360353051317436e-153,1.2879567030312652e-120
1108,1.24660330006052e-153,5.7525458117500385e-121
1109,4.615192493650886e-154,2.5647376463883723e-121
1110,1.705170286891207e-154,1.1414268316287138e-121
1111,6.287243506203643e-155,5.070767550510112e-122
1112,2.3134791230872067e-155,2.2486301997116228e-122
1113,8.495361254934606e-156,9.953579664501645e-123
1114,3.1132016887269337e-156,4.398004583627413e-123
1115,1.1385181838329157e-156,1.9397482849319888e-123
1116,4.155068182073478e-157,8.53977799367563e-124
1117,1.513282330235144e-157,3.7528177096546162e-124
1118,5.50001072821435e-158,1.6461758074096908e-124
1119,1.994835184744389e-158,7.207771022101552e-125
1120,7.220188580953545e-159,3.1501405094311236e-125
1121,2.60787170947941e-159,1.3742356039047238e-125
1122,9.399790653753249e-160,5.984018590478578e-126
1123,3.3809793861293886e-160,2.6008977117513215e-126
1124,1.2135490841260017e-160,1.1283668972436499e-126
1125,4.346710782703376e-161,4.886211303964059e-127
1126,1.5536414488764094e-161,2.1119668814715852e-127
1127,5.54147764666077e-162,9.111565814061831e-128
1128,1.9723463078133294e-162,3.923630265288107e-128
1129,7.005217357422671e-163,1.686437949796617e-128
1130,2.4827841674647207e-163,7.234990500544934e-129
1131,8.780783519820566e-164,3.0980536927830933e-129
1132,3.0988642946320132e-164,1.3241017264246815e-129
1133,1.091301761521901e-164,5.64850153936005e-130
1134,3.834936541817105e-165,2.405042096616312e-130
1135,1.3447468750594119e-165,1.022086564753477e-130
1136,4.7053284233734995e-166,4.3353710079157226e-131
1137,1.6428744197753183e-166,1.8354242627392314e-131
1138,5.723765119550338e-167,7.755615799782813e-132
1139,1.9898494736002994e-167,3.270873318815357e-132
1140,6.902677690160135e-168,1.376818751824496e-132
1141,2.3893065413813225e-168,5.784334687505244e-133
1142,8.252413919414006e-169,2.425446068610643e-133
1143,2.8440873208298015e-169,1.0150545041990066e-133
1144,9.780376458270661e-170,4.23979238874202e-134
1145,3.355960647822223e-170,1.76748303362408e-134
1146,1.1490123631715024e-170,7.35392656172708e-135
1147,3.9253374694238056e-171,3.0537580457684e-135
1148,1.338047858516091e-171,1.2656079080508934e-135
1149,4.550996772754563e-172,5.234929837411697e-136
1150,1.5444701348994827e-172,2.1610637638557812e-136
1151,5.2298408632393e-173,8.903632352470696e-137
1152,1.766978481237158e-173,3.6610668562900326e-137
1153,5.95669989026054e-174,1.5024041555252924e-137
1154,2.003593844329212e-174,6.153219822575645e-138
1155,6.724205739030503e-175,2.5150838906571265e-138
1156,2.251632193568129e-175,1.0259702186462344e-138
1157,7.52275408553789e-176,4.176832895124801e-139
1158,2.5077084135182674e-176,1.6970214711662463e-139
1159,8.340570391482664e-177,6.881027250448338e-140
1160,2.7677750310768465e-177,2.7844711709400317e-140
1161,9.163890882346655e-178,1.1244845029103367e-140
1162,3.0271983302267475e-178,4.531931192068565e-141
1163,9.977263253262193e-179,1.8227621306203635e-141
1164,3.280872203271348e-179,7.316296656763263e-142
1165,1.0763964308634242e-179,2.9306569730751416e-142
1166,3.5233675626745265e-180,1.171517508812929e-142
1167,1.1506523454146435e-180,4.67348038811578e-143
1168,3.749112471050512e-181,1.860534088846635e-143
1169,1.2187332553440756e-181,7.391594183718203e-144
1170,3.952595553920221e-182,2.93048548325391e-144
1171,1.2789314854902092e-182,1.1594170914012638e-144
1172,4.128582974306744e-183,4.577582332884413e-145
1173,1.3296619228300154e-183,1.80354357468763e-145
1174,4.272337499373975e-184,7.091021135682812e-146
1175,1.3695301515283154e-184,2.782148004114911e-146
1176,4.379827177197526e-185,1.0892777255510414e-146
1177,1.397395294946814e-185,4.2558036383838005e-147
1178,4.447911013329246e-186,1.6592304778436694e-147
1179,1.412423669684095e-186,6.455228612195604e-148
1180,4.4744898658182966e-187,2.5060740659494488e-148
1181,1.4141297705429898e-187,9.70847725194404e-149
1182,4.458612551040735e-188,3.753019643322895e-149
1183,1.4024018050574032e-188,1.4477068046996518e-149
1184,4.400529767471164e-189,5.572473259861528e-150
1185,1.3775099352127568e-189,2.1403288180058053e-150
1186,4.3016917117182355e-190,8.203055511218476e-151
1187,1.3400964908215349e-190,3.137118709025137e-151
1188,4.1646889227065666e-191,1.1971371240498408e-151
1189,1.2911486038555262e-191,4.558395143407378e-152
1190,3.993139642803853e-192,1.7319391614547264e-152
1191,1.2319548764653455e-192,6.566037276901368e-153
1192,3.7915305112286113e-193,2.4838281659246575e-153
1193,1.164048738514e-193,9.375289207999725e-154
1194,3.5650204054966074e-194,3.530938394279725e-154
1195,1.0891419850494223e-194,1.32689131840103e-154
1196,3.31921947039317e-195,4.975282011875731e-155
1197,1.0090525419821697e-195,1.861377971247023e-155
1198,3.059956645377155e-196,6.948376138205978e-156
1199,9.25630747883797e-197,2.587982328353576e-156
1200,2.793049237053771e-197,9.617581348202782e-157
1201,8.4068835051578e-198,3.566106688741629e-157
1202,2.524087298968673e-198,1.319301359710342e-157
1203,7.559340186865207e-199,4.869812067142444e-158
1204,2.2582438864700533e-199,1.793478570136015e-158
1205,6.729185114468528e-200,6.590118930807464e-159
1206,2.0001198392818348e-200,2.416020643448425e-159
1207,5.929917973556823e-201,8.837218654953339e-160
1208,1.7536288546065744e-201,3.225041900575909e-160
1209,5.172734599517282e-202,1.1742407246918491e-160
1210,1.5219255230357563e-202,4.265580400438813e-161
1211,4.466367492090504e-203,1.5459503054188425e-161
1212,1.3073759807237134e-203,5.589931702267601e-162
1213,3.817057251955811e-204,2.016546338966222e-162
1214,1.1115681275852736e-204,7.257679493618802e-163
1215,3.2286415901526347e-205,2.6059877298755334e-163
1216,9.353561649463815e-206,9.335316830634311e-164
1217,2.7027425820157726e-206,3.33629902929462e-164
1218,7.789326436084033e-207,1.1895348488995863e-164
1219,2.2390289776814872e-207,4.231191977163766e-165
1220,6.4192033945670565e-208,1.5014770642156423e-165
1221,1.8355287023545294e-208,5.3154755051121713e-166
1222,5.234760741230886e-209,1.8772841186139766e-166
1223,1.4889670367214027e-209,6.6142310427106275e-167
1224,4.223989989324548e-210,2.3248084436622017e-167
1225,1.1951080506990545e-210,8.151741831883969e-168
1226,3.3723674318038364e-211,2.8514518647662126e-168
1227,9.49080248988775e-212,9.95018135539422e-169
1228,2.663840479680862e-212,3.463715353486434e-169
1229,7.456715969705098e-213,1.2028086574085954e-169
1230,2.0816991140407397e-213,4.166687573481857e-170
1231,5.795836536818562e-214,1.4398665514290667e-170
1232,1.609307152086531e-214,4.963491897032341e-171
1233,4.456390163673704e-215,1.706801429284009e-171
1234,1.2306816302249596e-215,5.854719670253405e-172
1235,3.389403319720274e-216,2.0033343746016087e-172
1236,9.309204309818298e-217,6.837885053502023e-173
1237,2.549825103565671e-217,2.328133777517995e-173
1238,6.964877214660459e-218,7.906942859835302e-174
1239,1.8972234418315664e-218,2.6786781377058016e-174
1240,5.1537355604957166e-219,9.051914510234926e-175
1241,1.3961146322693467e-219,3.051160313482668e-175
1242,3.771481436793056e-220,1.025866762781318e-175
1243,1.015994713443853e-220,3.440447212044609e-176
1244,2.729330392823231e-221,1.1508891191993096e-176
1245,7.311433872997191e-222,3.840107088067978e-177
1246,1.9531129366215233e-222,1.2780300160437958e-177
1247,5.2026794142534585e-223,4.2425133780153693e-178
1248,1.381968736370802e-223,1.4047091049959896e-178
1249,3.660474021084523e-224,4.639029423986727e-179
1250,9.668094630455153e-225,1.528065364921192e-179
1251,2.546275457831404e-225,5.020272774553053e-180
1252,6.6869374114853685e-226,1.6450524835029979e-180
1253,1.7510677496540413e-226,5.376451391618968e-181
1254,4.572238449906042e-227,1.752554987848775e-181
1255,1.1904232969056073e-227,5.697757579555618e-182
1256,3.090416115794948e-228,1.8475196522232807e-182
1257,7.99966590646517e-229,5.9747994143975585e-183
1258,2.0647259544893587e-229,1.9270949546983656e-183
1259,5.31355243286876e-230,6.199044542647369e-184
1260,1.3634392646864017e-230,1.9887700549846165e-184
1261,3.488278579970034e-231,6.363248047850259e-185
1262,8.89830539109308e-232,2.0305040976601475e-185
1263,2.263187075798418e-232,6.461835127080588e-186
1264,5.739139783428818e-233,2.050836730779801e-186
1265,1.4510505007870431e-233,6.491210858328125e-187
1266,3.657832226675894e-234,2.048971619734462e-187
1267,9.193199740111136e-235,6.449973402380671e-188
1268,2.3036016294813622e-235,2.0248263963455764e-188
1269,5.754954683910052e-236,6.339013324227668e-189
1270,1.433396532281216e-236,1.9790447933526024e-189
1271,3.559399514296507e-237,6.161489831352194e-190
1272,8.811890307177639e-238,1.9129694772817344e-190
1273,2.1749004019135436e-238,5.922683884646597e-191
1274,5.351599120818119e-239,1.828577053228261e-191
1275,1.3127971382474246e-239,5.629737476985651e-192
1276,3.210535155867681e-240,1.7283795889929887e-192
1277,7.827424506556705e-241,5.29129698776384e-193
1278,1.9024701772203453e-241,1.6152995125538043e-193
1279,4.609673618596747e-242,4.917085567071588e-194
1280,1.1134524030328529e-242,1.4925266323454422e-194
1281,2.681131300822545e-243,4.517434304614274e-195
1282,6.435839627878072e-244,1.3633671367929305e-195
1283,1.5400285821446093e-244,4.102804066126911e-196
1284,3.673537614558512e-245,1.2310946574833764e-196
1285,8.735102820173871e-246,3.6833291987926834e-197
1286,2.0704989895126556e-246,1.0988128351246485e-197
1287,4.892165252776974e-247,3.2684109866839018e-198
1288,1.1522372308510258e-247,9.69337408121175e-199
1289,2.7051599291890367e-248,2.8663832225897243e-199
1290,6.330671558769772e-249,8.45103827513575e-200
1291,1.476753211875782e-249,2.484265210628283e-200
1292,3.433703975648565e-250,7.281040202724328e-201
1293,7.958111425226069e-251,2.1276097054307415e-201
1294,1.8384204355159997e-251,6.19853430256431e-202
1295,4.2331407929110863e-252,1.8004455339400513e-202
1296,9.715362292967904e-253,5.213871096083401e-203
1297,2.2224348154093748e-253,1.505307669619599e-203
1298,5.0672007257359925e-254,4.332816241899511e-204
1299,1.1515200363858763e-254,1.2433419203671776e-204
1300,2.608161276042012e-255,3.5569802887540342e-205
1301,5.887787743707839e-256,1.014467530917744e-205
1302,1.3247068481417486e-256,2.8844024679672746e-206
1303,2.970520086767097e-257,8.175790415399657e-207
1304,6.638735879705031e-258,2.310228640916568e-207
1305,1.478677789929902e-258,6.507686225522213e-208
1306,3.2824038524487225e-259,1.8274257700303677e-208
1307,7.261658014162745e-260,5.115515701978002e-209
1308,1.6010314401466961e-260,1.4274819982609166e-209
1309,3.5178649250106803e-261,3.9708032516061926e-210
1310,7.703154294910115e-262,1.10105127242387e-210
1311,1.680981921891904e-262,3.043358141048081e-211
1312,3.655588762911354e-263,8.385129857476244e-212
1313,7.92220852411068e-264,2.3028866453241742e-212
1314,1.7108999527015477e-264,6.304289686143575e-213
1315,3.682028074147483e-265,1.7202649789974838e-213
1316,7.896386614279317e-266,4.67891161615399e-214
1317,1.6874977086505406e-266,1.268467437647769e-214
1318,3.593569722456751e-267,3.42762606634448e-215
1319,7.625558057134979e-268,9.23170225288946e-216
1320,1.612405979312431e-268,2.478214801430911e-216
1321,3.397260733878909e-269,6.630700904805812e-217
1322,7.132298829076251e-270,1.7682259243744071e-217
1323,1.4920067057998104e-270,4.699680580542444e-218
1324,3.1099040673044355e-271,1.2449319465599354e-218
1325,6.458810202570319e-272,3.2867292690615416e-219
1326,1.336539088550781e-272,8.648038833815488e-220
1327,2.755679311681296e-273,2.2677803825361978e-220
1328,5.66092982270354e-274,5.926636143481082e-221
1329,1.1586522874616998e-274,1.5435960056703816e-221
1330,2.3627559338551114e-275,4.0065567199888114e-222
1331,4.800418214974624e-276,1.0363711821058328e-222
1332,9.716901566729692e-277,2.6715285284662555e-223
1333,1.9595621654332768e-277,6.862759605911282e-224
1334,3.937012152598153e-278,1.7568157681294022e-224
1335,7.880337907010933e-279,4.4816305946459316e-225
1336,1.5714014973219848e-279,1.1392582542757308e-225
1337,3.1216739327895757e-280,2.8858811938184914e-226
1338,6.177883790939786e-281,7.284481530115051e-227
1339,1.2179724769416395e-281,1.8322154007311855e-227
1340,2.3920730062154683e-282,4.592041440356354e-228
1341,4.679982473052266e-283,1.146779994597116e-228
1342,9.120957647601323e-284,2.8535997759831868e-229
1343,1.7707473214636396e-284,7.075191770047297e-230
1344,3.42441322267708e-285,1.7478697778276986e-230
1345,6.596636889734386e-286,4.302284125140255e-231
1346,1.2657828525298052e-286,1.055119532239946e-231
1347,2.4192980374610407e-287,2.578161669356275e-232
1348,4.605813440827764e-288,6.276504422355955e-233
1349,8.733801801205979e-289,1.5223621669672583e-233
1350,1.649580454576059e-289,3.6787795836510696e-234
1351,3.1032013773302305e-290,8.856626497553554e-235
1352,5.814411371551517e-291,2.1242457108041245e-235
1353,1.0850603262717843e-291,5.075818125207324e-236
1354,2.016727805928943e-292,1.2082733716827068e-236
1355,3.733179238740915e-293,2.8653331040191403e-237
1356,6.88242321642372e-294,6.769064361550988e-238
1357,1.2636524678306205e-294,1.5930102741007808e-238
1358,2.3106298105045476e-295,3.7345446122125576e-239
1359,4.2076749910505595e-296,8.721246122860402e-240
1360,7.630547109101114e-297,2.028774902037005e-240
1361,1.3780449004444432e-297,4.701064020993029e-241
1362,2.4783219189547405e-298,1.0850704551493957e-241
1363,4.4384478725009294e-299,2.4946614057396162e-242
1364,7.915455622003342e-300,5.712806801899915e-243
1365,1.4056732168935855e-300,1.3030588271194508e-243
1366,2.4856998209904348e-301,2.960378872778591e-244
1367,4.3768431884102046e-302,6.6987153421890884e-245
1368,7.673850903261456e-303,1.5096935560857039e-245
1369,1.3396698720607316e-303,3.388684689455519e-246
1370,2.3286607292564105e-304,7.575487066138319e-247
1371,4.030236241541788e-305,1.686626399207279e-247
1372,6.944843047430656e-306,3.739796561130951e-248
1373,1.1914991338791932e-306,8.258279200683207e-249
1374,2.035241909424178e-307,1.8160814393503785e-249
1375,3.461154014492391e-308,3.977194716770676e-250
1376,5.86003070928038e-309,8.673725824720187e-251
1377,9.8774390657274e-310,1.883706686118944e-251
1378,1.65746998094306e-310,4.0737183151784057e-252
1379,2.768822381296e-311,8.772636515857599e-253
1380,4.60451434229e-312,1.881143453750551e-253
1381,7.6225979759e-313,4.0165897362484526e-254
1382,1.25615683855e-313,8.539410033684948e-255
1383,2.060621835e-314,1.807690475282927e-255
1384,3.36482192e-315,3.810105245344194e-256
1385,5.4695505e-316,7.995716397418023e-257
1386,8.853013e-317,1.6706136246715932e-257
1387,1.4290735e-317,3.475229728375854e-258
1388,2.319144e-318,7.197313617308108e-259
1389,3.9347e-319,1.4839771076034765e-259
1390,8.229e-320,3.046100360937701e-260
1391,2.94e-320,6.224603921582222e-261
1392,1.882e-320,1.2662513601413777e-261
1393,1.537e-320,2.56424137789981e-262
1394,1.2564e-320,5.169144235809333e-263
1395,1.073e-320,1.0372634120029002e-263
1396,8.73e-321,2.071857705820086e-264
1397,7.13e-321,4.119276495841952e-265
1398,5.835e-321,8.151953798528678e-266
1399,5.153e-321,1.6057270119732838e-266
1400,5.24e-321,3.148040717820084e-267
1401,4.81e-321,6.142665595704336e-268
1402,4.39e-321,1.1929176985891696e-268
1403,3.977e-321,2.305633271543754e-269
1404,3.735e-321,4.434912656434842e-270
1405,3.913e-321,8.489533813560076e-271
1406,3.81e-321,1.6172429615038096e-271
1407,3.725e-321,3.0658292356297425e-272
1408,3.745e-321,5.783495577554219e-273
1409,3.11e-321,1.0856528577040225e-273
1410,2.53e-321,2.0278598019847624e-274
1411,2.564e-321,3.7689412907316267e-275
1412,1.803e-321,6.969848172770589e-276
1413,2.06e-321,1.282441709318983e-276
1414,2.03e-321,2.347740350840071e-277
1415,1.433e-321,4.276103596705825e-278
1416,1.47e-321,7.748534532858665e-279
1417,1.69e-321,1.3968554568976912e-279
1418,1.29e-321,2.5051348465664897e-280
1419,1.245e-321,4.4693622104272853e-281
1420,1.76e-321,7.931982021756204e-282
1421,1.68e-321,1.4003170842830226e-282
1422,1.487e-321,2.4590433054063596e-283
1423,1.354e-321,4.2952412902573024e-284
1424,9.24e-322,7.462371690495922e-285
1425,8.25e-322,1.2894968266011996e-285
1426,9.8e-322,2.2161736051914567e-286
1427,9.93e-322,3.788028406041522e-287
1428,1.507e-321,6.4392355227973e-288
1429,1.695e-321,1.0885604387460346e-288
1430,1.97e-321,1.8300092584147768e-289
1431,1.705e-321,3.059297476091694e-290
1432,2.124e-321,5.0856072075880825e-291
1433,1.596e-321,8.406233084080633e-292
1434,1.655e-321,1.3815995802465786e-292
1435,1.83e-321,2.2577173291402296e-293
1436,1.01e-321,3.668156184030315e-294
1437,9.4e-322,5.925172905793191e-295
1438,1.334e-321,9.515093876346081e-296
1439,1.43e-321,1.5190345458320847e-296
1440,1.24e-321,2.41072809886531e-297
1441,7.36e-322,3.8031030283025637e-298
1442,5.53e-322,5.963761939587091e-299
1443,8.45e-322,9.295605965746473e-300
1444,1.117e-321,1.4401009774304937e-300
1445,9.54e-322,2.2174223857981635e-301
1446,6.57e-322,3.393331884226538e-302
1447,5.7e-322,5.16070018713302e-303
1448,4.05e-322,7.799684218427547e-304
1449,8.35e-322,1.1714209525502515e-304
1450,7.6e-322,1.7482267670683372e-305
1451,5.4e-322,2.5924616232818926e-306
1452,9.83e-322,3.819771888870907e-307
1453,1.56e-321,5.591824210409333e-308
1454,2.02e-321,8.132812965885667e-309
1455,2.055e-321,1.175111792912916e-309
1456,1.62e-321,1.68674086215215e-310
1457,1.61e-321,2.4050698989245e-311
1458,2.29e-321,3.40640498679e-312
1459,1.823e-321,4.792177318e-313
1460,1.996e-321,6.6960073875e-314
1461,2.253e-321,9.29229806e-315
1462,1.5e-321,1.280646237e-315
1463,1.55e-321,1.7526279e-316
1464,1.734e-321,2.380846e-317
1465,1.487e-321,3.20246e-318
1466,1.215e-321,4.19274e-319
1467,9.14e-322,4.6655e-320
1468,4.64e-322,-2.29e-321
1469,6.23e-322,-8.117e-321
1470,7.16e-322,-8.27e-321
1471,4.94e-322,-7.727e-321
1472,3.95e-322,-7.13e-321
1473,4e-322,-6.527e-321
1474,2.9e-322,-5.973e-321
1475,5e-322,-5.445e-321
1476,7.3e-322,-4.946e-321
1477,5.4e-322,-4.496e-321
1478,1.5e-323,-4.06e-321
1479,-5.9e-322,-3.666e-321
1480,-3.85e-322,-3.31e-321
1481,-2.5e-322,-2.974e-321
1482,4e-323,-2.653e-321
1483,1.73e-322,-2.34e-321
1484,4.84e-322,-2.07e-321
1485,-4e-323,-1.833e-321
1486,-1.24e-322,-1.6e-321
1487,4.2e-322,-1.4e-321
1488,3.36e-322,-1.225e-321
1489,4.4e-322,-1.06e-321
1490,6.13e-322,-9.04e-322
1491,-5.4e-323,-7.8e-322
1492,-6.77e-322,-6.57e-322
1493,-9.63e-322,-5.83e-322
1494,-1.146e-321,-4.7e-322
1495,-1.31e-321,-3.8e-322
1496,-1.25e-321,-3.06e-322
1497,-1.176e-321,-2.47e-322
1498,-6e-322,-2.1e-322
1499,-7.56e-322,-1.8e-322
1500,-1.136e-321,-1.4e-322
1501,-7.46e-322,-1.2e-322
1502,-9.6e-322,-8e-323
1503,-1.166e-321,-6e-323
1504,-5.93e-322,-4e-323
1505,-2.67e-322,-4e-323
1506,-9e-323,-2.5e-323
1507,-1e-323,-1e-323
1508,0.0,-1e-323
1509,0.0,5e-324
1510,0.0,5e-324
1511,0.0,-1e-323
1512,0.0,0.0
1513,0.0,1.5e-323
1514,0.0,2e-323
1515,0.0,2e-323
1516,0.0,3e-323
1517,0.0,3.5e-323
1518,0.0,4e-323
1519,0.0,4e-323
1520,0.0,5e-323
1521,0.0,3.5e-323
1522,0.0,3e-323
1523,0.0,3.5e-323
1524,0.0,3.5e-323
1525,0.0,4e-323
1526,0.0,4e-323
1527,0.0,3.5e-323
1528,0.0,3e-323
1529,0.0,4.4e-323
1530,0.0,4e-323
1531,0.0,5e-323
1532,0.0,5.4e-323
1533,0.0,3.5e-323
1534,0.0,3.5e-323
1535,0.0,4.4e-323
1536,0.0,3.5e-323
1537,0.0,2.5e-323
1538,0.0,5e-324
1539,0.0,1e-323
1540,0.0,2e-323
1541,0.0,2e-323
1542,0.0,1.5e-323
1543,0.0,1e-323
1544,0.0,-1.5e-323
1545,0.0,0.0
1546,0.0,0.0
1547,0.0,0.0
1548,0.0,0.0
1549,0.0,0.0
1550,0.0,0.0
1551,0.0,0.0
1552,0.0,0.0
1553,0.0,0.0
1554,0.0,0.0
1555,0.0,0.0
1556,0.0,0.0
1557,0.0,0.0
1558,0.0,0.0
1559,0.0,0.0
1560,0.0,0.0
1561,0.0,0.0
1562,0.0,0.0
1563,0.0,0.0
1564,0.0,0.0
1565,0.0,0.0
1566,0.0,0.0
1567,0.0,0.0
1568,0.0,0.0
1569,0.0,0.0
1570,0.0,0.0
1571,0.0,0.0
1572,0.0,0.0
1573,0.0,0.0
1574,0.0,0.0
1575,0.0,0.0
1576,0.0,0.0
1577,0.0,0.0
1578,0.0,0.0
1579,0.0,0.0
1580,0.0,0.0
1581,0.0,0.0
1582,0.0,0.0
1583,0.0,0.0
1584,0.0,0.0
1585,0.0,0.0
1586,0.0,0.0
1587,0.0,0.0
1588,0.0,0.0
1589,0.0,0.0
1590,0.0,0.0
1591,0.0,0.0
1592,0.0,0.0
1593,0.0,0.0
1594,0.0,0.0
1595,0.0,0.0
1596,0.0,0.0
1597,0.0,0.0
1598,0.0,0.0
1599,0.0,0.0
1600,0.0,0.0
